{
  "type": "FeatureCollection",
  "features": [
    {
      "type": "Feature",
      "properties": {
        "name": "2026-05-23 16:30 徒步",
        "video": "videos/video01.mp4",
        "point_count": 750,
        "start_time": "2026-05-23T08:30:49Z",
        "end_time": "2026-05-23T10:50:48Z"
      },
      "geometry": {
        "type": "LineString",
        "coordinates": [
          [
            120.6009502,
            31.3171519,
            17.0
          ],
          [
            120.6008706,
            31.317227,
            17.0
          ],
          [
            120.6008233,
            31.3173131,
            17.0
          ],
          [
            120.6008009,
            31.3174029,
            17.0
          ],
          [
            120.600782,
            31.3174951,
            17.0
          ],
          [
            120.6007686,
            31.3175974,
            18.0
          ],
          [
            120.6007853,
            31.3177045,
            20.0
          ],
          [
            120.6008255,
            31.3178068,
            22.0
          ],
          [
            120.6008717,
            31.3178975,
            22.0
          ],
          [
            120.6009152,
            31.3179901,
            23.0
          ],
          [
            120.6009671,
            31.3180752,
            23.0
          ],
          [
            120.6010181,
            31.3181637,
            23.0
          ],
          [
            120.6010596,
            31.3182595,
            23.0
          ],
          [
            120.6010944,
            31.3183485,
            21.0
          ],
          [
            120.6011349,
            31.3184396,
            19.0
          ],
          [
            120.6011601,
            31.318543,
            18.0
          ],
          [
            120.601169,
            31.3186502,
            18.0
          ],
          [
            120.6011572,
            31.3187556,
            17.0
          ],
          [
            120.6011435,
            31.3188651,
            18.0
          ],
          [
            120.6011318,
            31.3189725,
            18.0
          ],
          [
            120.6011118,
            31.3190774,
            17.0
          ],
          [
            120.6010738,
            31.3191762,
            16.0
          ],
          [
            120.6010364,
            31.319283,
            16.0
          ],
          [
            120.6010047,
            31.3193903,
            15.0
          ],
          [
            120.6009634,
            31.3194862,
            16.0
          ],
          [
            120.6009192,
            31.319574,
            16.0
          ],
          [
            120.6010054,
            31.3196027,
            15.0
          ],
          [
            120.6011264,
            31.3196289,
            15.0
          ],
          [
            120.6011836,
            31.3197109,
            15.0
          ],
          [
            120.6011867,
            31.3198199,
            14.0
          ],
          [
            120.601168,
            31.319935,
            13.0
          ],
          [
            120.601134,
            31.3200475,
            15.0
          ],
          [
            120.6011144,
            31.3201604,
            14.0
          ],
          [
            120.6010832,
            31.3202681,
            15.0
          ],
          [
            120.6010437,
            31.3203698,
            15.0
          ],
          [
            120.6010128,
            31.3204686,
            14.0
          ],
          [
            120.6009406,
            31.3205491,
            13.0
          ],
          [
            120.6009509,
            31.320641,
            13.0
          ],
          [
            120.6009575,
            31.3207469,
            13.0
          ],
          [
            120.6009612,
            31.3208432,
            14.0
          ],
          [
            120.6009761,
            31.3209348,
            15.0
          ],
          [
            120.6009542,
            31.3210315,
            19.0
          ],
          [
            120.6009324,
            31.3211374,
            20.0
          ],
          [
            120.6009082,
            31.3210798,
            21.0
          ],
          [
            120.600905,
            31.320969,
            19.0
          ],
          [
            120.6009164,
            31.320852,
            19.0
          ],
          [
            120.6009512,
            31.3207481,
            19.0
          ],
          [
            120.600966,
            31.3206397,
            20.0
          ],
          [
            120.6009393,
            31.3205473,
            22.0
          ],
          [
            120.600947,
            31.3204479,
            21.0
          ],
          [
            120.6010222,
            31.3203665,
            20.0
          ],
          [
            120.6010648,
            31.3202757,
            17.0
          ],
          [
            120.6011029,
            31.3201702,
            18.0
          ],
          [
            120.60111,
            31.3200603,
            20.0
          ],
          [
            120.601133,
            31.3199609,
            20.0
          ],
          [
            120.6011286,
            31.3198577,
            19.0
          ],
          [
            120.6011172,
            31.3197622,
            20.0
          ],
          [
            120.6011341,
            31.3196619,
            21.0
          ],
          [
            120.6010809,
            31.3195763,
            21.0
          ],
          [
            120.6009835,
            31.3195196,
            21.0
          ],
          [
            120.6008781,
            31.3194775,
            19.0
          ],
          [
            120.6008449,
            31.319455,
            18.0
          ],
          [
            120.6008991,
            31.3193925,
            17.0
          ],
          [
            120.6009738,
            31.3193024,
            17.0
          ],
          [
            120.6010234,
            31.3192031,
            18.0
          ],
          [
            120.6010868,
            31.3191088,
            17.0
          ],
          [
            120.6011356,
            31.3190208,
            19.0
          ],
          [
            120.6011521,
            31.3189153,
            21.0
          ],
          [
            120.601149,
            31.3188155,
            22.0
          ],
          [
            120.6011279,
            31.3187137,
            22.0
          ],
          [
            120.6011009,
            31.3186058,
            21.0
          ],
          [
            120.6010608,
            31.3184941,
            21.0
          ],
          [
            120.6010123,
            31.3183928,
            21.0
          ],
          [
            120.6010024,
            31.3182906,
            22.0
          ],
          [
            120.6009642,
            31.3181981,
            21.0
          ],
          [
            120.6008986,
            31.3181041,
            20.0
          ],
          [
            120.6008365,
            31.3180235,
            20.0
          ],
          [
            120.6007762,
            31.3179362,
            20.0
          ],
          [
            120.6007422,
            31.3178431,
            21.0
          ],
          [
            120.6007241,
            31.3177453,
            21.0
          ],
          [
            120.6007049,
            31.3176435,
            21.0
          ],
          [
            120.600729,
            31.3175364,
            21.0
          ],
          [
            120.600751,
            31.3174388,
            22.0
          ],
          [
            120.6007749,
            31.3173953,
            23.0
          ],
          [
            120.6008042,
            31.3173202,
            22.0
          ],
          [
            120.6008607,
            31.3172352,
            20.0
          ],
          [
            120.6009767,
            31.3172358,
            18.0
          ],
          [
            120.6010627,
            31.317301,
            17.0
          ],
          [
            120.6011858,
            31.3173342,
            18.0
          ],
          [
            120.601317,
            31.3173687,
            21.0
          ],
          [
            120.6014457,
            31.3173937,
            21.0
          ],
          [
            120.6014859,
            31.3174778,
            19.0
          ],
          [
            120.6014713,
            31.3175816,
            20.0
          ],
          [
            120.6014468,
            31.3176851,
            20.0
          ],
          [
            120.6014228,
            31.3177879,
            20.0
          ],
          [
            120.6014024,
            31.3178836,
            20.0
          ],
          [
            120.6014476,
            31.3179643,
            20.0
          ],
          [
            120.6014962,
            31.3180563,
            23.0
          ],
          [
            120.6015226,
            31.3180897,
            24.0
          ],
          [
            120.6015977,
            31.3180547,
            24.0
          ],
          [
            120.6016141,
            31.3179609,
            19.0
          ],
          [
            120.6015858,
            31.317857,
            14.0
          ],
          [
            120.6015535,
            31.3177569,
            11.0
          ],
          [
            120.6014917,
            31.317683,
            10.0
          ],
          [
            120.6013748,
            31.31764,
            11.0
          ],
          [
            120.6012925,
            31.3176949,
            14.0
          ],
          [
            120.601277,
            31.317799,
            18.0
          ],
          [
            120.6013243,
            31.317912,
            18.0
          ],
          [
            120.6013955,
            31.3180072,
            19.0
          ],
          [
            120.6014009,
            31.3179545,
            20.0
          ],
          [
            120.6013668,
            31.3178555,
            24.0
          ],
          [
            120.6014382,
            31.3177888,
            27.0
          ],
          [
            120.6014413,
            31.3177006,
            29.0
          ],
          [
            120.6014516,
            31.3175944,
            29.0
          ],
          [
            120.6014532,
            31.3174918,
            27.0
          ],
          [
            120.6014701,
            31.3174115,
            27.0
          ],
          [
            120.6015553,
            31.3173753,
            25.0
          ],
          [
            120.6016247,
            31.3173766,
            22.0
          ],
          [
            120.6015641,
            31.3173992,
            20.0
          ],
          [
            120.6016444,
            31.3174195,
            19.0
          ],
          [
            120.6017651,
            31.3174207,
            18.0
          ],
          [
            120.6018761,
            31.3174307,
            17.0
          ],
          [
            120.6019799,
            31.3174561,
            18.0
          ],
          [
            120.6021006,
            31.3174703,
            19.0
          ],
          [
            120.6022357,
            31.3174642,
            19.0
          ],
          [
            120.6023606,
            31.3174626,
            16.0
          ],
          [
            120.6024259,
            31.317523,
            15.0
          ],
          [
            120.6024305,
            31.3176167,
            16.0
          ],
          [
            120.6023949,
            31.3177227,
            18.0
          ],
          [
            120.6023413,
            31.3178073,
            20.0
          ],
          [
            120.6023268,
            31.3178975,
            20.0
          ],
          [
            120.6023097,
            31.3179696,
            19.0
          ],
          [
            120.6023086,
            31.3180631,
            20.0
          ],
          [
            120.6023071,
            31.318156,
            19.0
          ],
          [
            120.6022905,
            31.3182611,
            19.0
          ],
          [
            120.6022751,
            31.3183635,
            22.0
          ],
          [
            120.6022569,
            31.3184708,
            25.0
          ],
          [
            120.6022451,
            31.3185772,
            26.0
          ],
          [
            120.6022545,
            31.3186646,
            26.0
          ],
          [
            120.6021717,
            31.3186913,
            24.0
          ],
          [
            120.6020749,
            31.3186514,
            17.0
          ],
          [
            120.6020093,
            31.3185688,
            13.0
          ],
          [
            120.6019838,
            31.3184548,
            10.0
          ],
          [
            120.6020163,
            31.3183443,
            7.0
          ],
          [
            120.6020019,
            31.3182397,
            9.0
          ],
          [
            120.6019185,
            31.3181726,
            11.0
          ],
          [
            120.6018286,
            31.3180911,
            13.0
          ],
          [
            120.6017173,
            31.3180717,
            14.0
          ],
          [
            120.6016632,
            31.3181477,
            16.0
          ],
          [
            120.6016487,
            31.3182595,
            16.0
          ],
          [
            120.6016509,
            31.318387,
            18.0
          ],
          [
            120.6016635,
            31.3185059,
            22.0
          ],
          [
            120.6016617,
            31.3186148,
            24.0
          ],
          [
            120.6016589,
            31.3187162,
            25.0
          ],
          [
            120.6016468,
            31.3188097,
            23.0
          ],
          [
            120.6016339,
            31.3189023,
            22.0
          ],
          [
            120.6016548,
            31.3190042,
            20.0
          ],
          [
            120.6016745,
            31.3191104,
            19.0
          ],
          [
            120.6016669,
            31.3192084,
            18.0
          ],
          [
            120.6016538,
            31.3192995,
            18.0
          ],
          [
            120.6016378,
            31.3194026,
            19.0
          ],
          [
            120.6016222,
            31.3195026,
            21.0
          ],
          [
            120.6015932,
            31.3195966,
            21.0
          ],
          [
            120.6015661,
            31.31969,
            22.0
          ],
          [
            120.6015367,
            31.3197831,
            24.0
          ],
          [
            120.6015241,
            31.3198858,
            26.0
          ],
          [
            120.6015882,
            31.3199546,
            27.0
          ],
          [
            120.6015696,
            31.3200416,
            26.0
          ],
          [
            120.6015318,
            31.3201386,
            24.0
          ],
          [
            120.6014926,
            31.3202319,
            21.0
          ],
          [
            120.6014671,
            31.3203348,
            20.0
          ],
          [
            120.6014437,
            31.3204314,
            19.0
          ],
          [
            120.601419,
            31.3205216,
            18.0
          ],
          [
            120.6014886,
            31.3205755,
            18.0
          ],
          [
            120.6016004,
            31.3205918,
            18.0
          ],
          [
            120.6017291,
            31.3205844,
            17.0
          ],
          [
            120.6018557,
            31.3205766,
            17.0
          ],
          [
            120.6019821,
            31.3205729,
            17.0
          ],
          [
            120.6021058,
            31.3205953,
            18.0
          ],
          [
            120.6022298,
            31.3205907,
            19.0
          ],
          [
            120.6023448,
            31.3205847,
            17.0
          ],
          [
            120.6024516,
            31.3205957,
            16.0
          ],
          [
            120.6025621,
            31.3206076,
            16.0
          ],
          [
            120.6026732,
            31.3206336,
            16.0
          ],
          [
            120.6027927,
            31.3206553,
            16.0
          ],
          [
            120.6029024,
            31.3206868,
            15.0
          ],
          [
            120.6030159,
            31.3207109,
            14.0
          ],
          [
            120.6031259,
            31.3207256,
            14.0
          ],
          [
            120.6032447,
            31.3207453,
            14.0
          ],
          [
            120.6033642,
            31.3207509,
            14.0
          ],
          [
            120.6034608,
            31.3207884,
            14.0
          ],
          [
            120.6034987,
            31.3208279,
            15.0
          ],
          [
            120.6035033,
            31.3209152,
            16.0
          ],
          [
            120.6035863,
            31.320968,
            17.0
          ],
          [
            120.603704,
            31.3209866,
            16.0
          ],
          [
            120.6038298,
            31.3209804,
            14.0
          ],
          [
            120.603951,
            31.3209608,
            12.0
          ],
          [
            120.6040692,
            31.3209433,
            12.0
          ],
          [
            120.6041952,
            31.3209328,
            11.0
          ],
          [
            120.6043176,
            31.3209315,
            11.0
          ],
          [
            120.6044471,
            31.3209361,
            10.0
          ],
          [
            120.604573,
            31.3209589,
            11.0
          ],
          [
            120.6046915,
            31.3209802,
            12.0
          ],
          [
            120.6048001,
            31.3209834,
            12.0
          ],
          [
            120.6049043,
            31.3209757,
            13.0
          ],
          [
            120.6050155,
            31.320989,
            13.0
          ],
          [
            120.6051432,
            31.3209971,
            12.0
          ],
          [
            120.6052688,
            31.3210069,
            12.0
          ],
          [
            120.605388,
            31.3210204,
            12.0
          ],
          [
            120.605502,
            31.3210248,
            11.0
          ],
          [
            120.6056231,
            31.3210427,
            11.0
          ],
          [
            120.6057378,
            31.3210456,
            11.0
          ],
          [
            120.605778,
            31.3209741,
            13.0
          ],
          [
            120.6057437,
            31.3209316,
            17.0
          ],
          [
            120.6057763,
            31.3208534,
            19.0
          ],
          [
            120.6058316,
            31.3207562,
            21.0
          ],
          [
            120.6058682,
            31.3206458,
            22.0
          ],
          [
            120.6058716,
            31.3205442,
            24.0
          ],
          [
            120.6058514,
            31.3204406,
            25.0
          ],
          [
            120.6058646,
            31.3203467,
            26.0
          ],
          [
            120.6058983,
            31.3202425,
            26.0
          ],
          [
            120.6059258,
            31.3201405,
            27.0
          ],
          [
            120.6059542,
            31.320037,
            28.0
          ],
          [
            120.6059477,
            31.319961,
            29.0
          ],
          [
            120.6059643,
            31.3198741,
            29.0
          ],
          [
            120.6059769,
            31.3197673,
            29.0
          ],
          [
            120.606002,
            31.3196721,
            29.0
          ],
          [
            120.60602,
            31.3195765,
            30.0
          ],
          [
            120.6060337,
            31.3194824,
            29.0
          ],
          [
            120.6060408,
            31.3193711,
            28.0
          ],
          [
            120.6060736,
            31.3192661,
            28.0
          ],
          [
            120.6061065,
            31.3191735,
            28.0
          ],
          [
            120.6061091,
            31.3190738,
            29.0
          ],
          [
            120.6061096,
            31.3189775,
            29.0
          ],
          [
            120.6061287,
            31.3188709,
            29.0
          ],
          [
            120.606139,
            31.3187689,
            27.0
          ],
          [
            120.6061432,
            31.3186683,
            26.0
          ],
          [
            120.6061583,
            31.3185694,
            26.0
          ],
          [
            120.6061785,
            31.3184773,
            26.0
          ],
          [
            120.6062001,
            31.3183703,
            25.0
          ],
          [
            120.6062202,
            31.3182672,
            22.0
          ],
          [
            120.6061944,
            31.3182381,
            21.0
          ],
          [
            120.6062148,
            31.3181746,
            20.0
          ],
          [
            120.6062491,
            31.318087,
            19.0
          ],
          [
            120.6061837,
            31.3180399,
            19.0
          ],
          [
            120.6060767,
            31.3180181,
            19.0
          ],
          [
            120.605958,
            31.317993,
            18.0
          ],
          [
            120.6058388,
            31.31796,
            18.0
          ],
          [
            120.60572,
            31.317931,
            19.0
          ],
          [
            120.6056029,
            31.3179137,
            19.0
          ],
          [
            120.6054856,
            31.3178927,
            17.0
          ],
          [
            120.6053643,
            31.3178667,
            17.0
          ],
          [
            120.605245,
            31.3178687,
            17.0
          ],
          [
            120.6051314,
            31.3178571,
            16.0
          ],
          [
            120.6050177,
            31.317834,
            16.0
          ],
          [
            120.6048985,
            31.317829,
            18.0
          ],
          [
            120.6047777,
            31.3177999,
            19.0
          ],
          [
            120.6046543,
            31.317787,
            18.0
          ],
          [
            120.6045325,
            31.3177699,
            17.0
          ],
          [
            120.6044025,
            31.3177553,
            16.0
          ],
          [
            120.6042727,
            31.3177481,
            17.0
          ],
          [
            120.6041433,
            31.3177411,
            17.0
          ],
          [
            120.6040182,
            31.3177253,
            15.0
          ],
          [
            120.6038957,
            31.3177126,
            16.0
          ],
          [
            120.6037763,
            31.3176977,
            17.0
          ],
          [
            120.6036549,
            31.3176794,
            19.0
          ],
          [
            120.6035309,
            31.3176608,
            20.0
          ],
          [
            120.6034069,
            31.3176464,
            19.0
          ],
          [
            120.6032925,
            31.3176277,
            18.0
          ],
          [
            120.6031732,
            31.3176107,
            19.0
          ],
          [
            120.6030537,
            31.3175919,
            19.0
          ],
          [
            120.6029329,
            31.3175777,
            19.0
          ],
          [
            120.6028096,
            31.3175585,
            19.0
          ],
          [
            120.6026925,
            31.3175493,
            18.0
          ],
          [
            120.6025794,
            31.3175416,
            18.0
          ],
          [
            120.6024645,
            31.3175241,
            18.0
          ],
          [
            120.6023868,
            31.3175793,
            18.0
          ],
          [
            120.6023529,
            31.3176773,
            17.0
          ],
          [
            120.6023416,
            31.3177865,
            17.0
          ],
          [
            120.6023299,
            31.3178947,
            16.0
          ],
          [
            120.6023061,
            31.3180036,
            18.0
          ],
          [
            120.602309,
            31.3181075,
            19.0
          ],
          [
            120.6023091,
            31.3181508,
            20.0
          ],
          [
            120.6023897,
            31.3181976,
            21.0
          ],
          [
            120.6025111,
            31.3181941,
            20.0
          ],
          [
            120.6026328,
            31.318178,
            20.0
          ],
          [
            120.6027097,
            31.3181337,
            18.0
          ],
          [
            120.6027412,
            31.3180499,
            18.0
          ],
          [
            120.6027624,
            31.3180972,
            21.0
          ],
          [
            120.6028545,
            31.3181479,
            23.0
          ],
          [
            120.6029711,
            31.3181871,
            21.0
          ],
          [
            120.6031012,
            31.3182068,
            18.0
          ],
          [
            120.6032252,
            31.3182204,
            15.0
          ],
          [
            120.6033524,
            31.3182323,
            14.0
          ],
          [
            120.6034652,
            31.3182481,
            12.0
          ],
          [
            120.6035793,
            31.3182522,
            11.0
          ],
          [
            120.6036883,
            31.3182628,
            11.0
          ],
          [
            120.6038065,
            31.3182693,
            11.0
          ],
          [
            120.6039206,
            31.3182803,
            11.0
          ],
          [
            120.6040183,
            31.318259,
            12.0
          ],
          [
            120.6041297,
            31.3182709,
            13.0
          ],
          [
            120.604248,
            31.318299,
            14.0
          ],
          [
            120.6043743,
            31.3183283,
            14.0
          ],
          [
            120.6044573,
            31.3183564,
            13.0
          ],
          [
            120.6045569,
            31.3183807,
            14.0
          ],
          [
            120.604661,
            31.3183768,
            15.0
          ],
          [
            120.6047703,
            31.3183608,
            14.0
          ],
          [
            120.6048864,
            31.3183337,
            13.0
          ],
          [
            120.6050049,
            31.3183304,
            14.0
          ],
          [
            120.6051284,
            31.318336,
            14.0
          ],
          [
            120.6052451,
            31.3183153,
            15.0
          ],
          [
            120.605293,
            31.3183228,
            18.0
          ],
          [
            120.6053802,
            31.3183574,
            19.0
          ],
          [
            120.6054815,
            31.3183725,
            19.0
          ],
          [
            120.6055577,
            31.3183066,
            19.0
          ],
          [
            120.605662,
            31.3182833,
            21.0
          ],
          [
            120.60578,
            31.3182909,
            19.0
          ],
          [
            120.6058974,
            31.3183012,
            17.0
          ],
          [
            120.6060084,
            31.3183141,
            16.0
          ],
          [
            120.6061137,
            31.3183356,
            16.0
          ],
          [
            120.6061724,
            31.3184162,
            16.0
          ],
          [
            120.6060924,
            31.3184404,
            17.0
          ],
          [
            120.605971,
            31.3184328,
            17.0
          ],
          [
            120.6058209,
            31.3184105,
            17.0
          ],
          [
            120.6056806,
            31.3183909,
            18.0
          ],
          [
            120.6055477,
            31.3183732,
            17.0
          ],
          [
            120.6054638,
            31.3184351,
            17.0
          ],
          [
            120.6054456,
            31.3185334,
            19.0
          ],
          [
            120.6054336,
            31.3186512,
            20.0
          ],
          [
            120.605427,
            31.3187555,
            22.0
          ],
          [
            120.6054209,
            31.3188554,
            25.0
          ],
          [
            120.6054099,
            31.3189632,
            27.0
          ],
          [
            120.605374,
            31.3190681,
            28.0
          ],
          [
            120.6053336,
            31.3191645,
            30.0
          ],
          [
            120.6053216,
            31.3191975,
            28.0
          ],
          [
            120.6052995,
            31.3192669,
            26.0
          ],
          [
            120.6052912,
            31.319307,
            25.0
          ],
          [
            120.6052588,
            31.3193854,
            25.0
          ],
          [
            120.6051834,
            31.3194686,
            24.0
          ],
          [
            120.6051513,
            31.3195772,
            24.0
          ],
          [
            120.6051462,
            31.3196413,
            25.0
          ],
          [
            120.6051216,
            31.3197192,
            24.0
          ],
          [
            120.6051172,
            31.3198219,
            23.0
          ],
          [
            120.6050853,
            31.3199143,
            24.0
          ],
          [
            120.6050989,
            31.3199624,
            27.0
          ],
          [
            120.6050367,
            31.3200279,
            31.0
          ],
          [
            120.605024,
            31.3201356,
            29.0
          ],
          [
            120.6050303,
            31.3202484,
            27.0
          ],
          [
            120.6050069,
            31.3203487,
            26.0
          ],
          [
            120.6049766,
            31.3204501,
            26.0
          ],
          [
            120.6049379,
            31.3205418,
            24.0
          ],
          [
            120.6049069,
            31.3206357,
            22.0
          ],
          [
            120.60485,
            31.320725,
            21.0
          ],
          [
            120.604826,
            31.3208271,
            22.0
          ],
          [
            120.6048404,
            31.3209243,
            20.0
          ],
          [
            120.6047824,
            31.320904,
            18.0
          ],
          [
            120.604679,
            31.3208701,
            19.0
          ],
          [
            120.604557,
            31.3208476,
            19.0
          ],
          [
            120.6044386,
            31.3208164,
            19.0
          ],
          [
            120.6044917,
            31.3208076,
            18.0
          ],
          [
            120.604603,
            31.3208127,
            18.0
          ],
          [
            120.6047363,
            31.3208488,
            18.0
          ],
          [
            120.6048361,
            31.3208035,
            19.0
          ],
          [
            120.6048953,
            31.320708,
            18.0
          ],
          [
            120.6049351,
            31.3205944,
            19.0
          ],
          [
            120.6049958,
            31.3204981,
            20.0
          ],
          [
            120.605102,
            31.3204862,
            21.0
          ],
          [
            120.6052134,
            31.3204676,
            20.0
          ],
          [
            120.6053254,
            31.3204928,
            19.0
          ],
          [
            120.6054359,
            31.3204981,
            17.0
          ],
          [
            120.6054775,
            31.320414,
            17.0
          ],
          [
            120.6054886,
            31.3203059,
            17.0
          ],
          [
            120.6054489,
            31.320334,
            17.0
          ],
          [
            120.6054293,
            31.3204304,
            17.0
          ],
          [
            120.6054846,
            31.3205223,
            16.0
          ],
          [
            120.6056015,
            31.3205393,
            15.0
          ],
          [
            120.6057218,
            31.3205329,
            14.0
          ],
          [
            120.6058419,
            31.3205173,
            14.0
          ],
          [
            120.6057995,
            31.320534,
            14.0
          ],
          [
            120.6056821,
            31.3205254,
            14.0
          ],
          [
            120.6055451,
            31.3205168,
            15.0
          ],
          [
            120.6054191,
            31.3205206,
            15.0
          ],
          [
            120.6053055,
            31.32054,
            15.0
          ],
          [
            120.6051878,
            31.3205292,
            15.0
          ],
          [
            120.6050692,
            31.3205088,
            14.0
          ],
          [
            120.6049648,
            31.3204716,
            14.0
          ],
          [
            120.6048545,
            31.3204472,
            15.0
          ],
          [
            120.6048059,
            31.320439,
            15.0
          ],
          [
            120.6047132,
            31.3204138,
            14.0
          ],
          [
            120.6047805,
            31.3204213,
            14.0
          ],
          [
            120.6049163,
            31.3204571,
            14.0
          ],
          [
            120.6049435,
            31.3205397,
            13.0
          ],
          [
            120.6048824,
            31.3206074,
            15.0
          ],
          [
            120.6047814,
            31.3205903,
            16.0
          ],
          [
            120.6046637,
            31.3205762,
            15.0
          ],
          [
            120.6045336,
            31.3205561,
            14.0
          ],
          [
            120.6044099,
            31.320543,
            14.0
          ],
          [
            120.604288,
            31.3205358,
            13.0
          ],
          [
            120.6041647,
            31.3205354,
            14.0
          ],
          [
            120.6041192,
            31.3205378,
            13.0
          ],
          [
            120.6041613,
            31.3204769,
            10.0
          ],
          [
            120.6042536,
            31.3205253,
            11.0
          ],
          [
            120.6043802,
            31.3205276,
            10.0
          ],
          [
            120.6044823,
            31.3204799,
            11.0
          ],
          [
            120.6044934,
            31.320421,
            11.0
          ],
          [
            120.6044681,
            31.3203214,
            14.0
          ],
          [
            120.6043674,
            31.3202687,
            15.0
          ],
          [
            120.6043402,
            31.3201771,
            17.0
          ],
          [
            120.6043106,
            31.3200817,
            19.0
          ],
          [
            120.6043178,
            31.3200003,
            20.0
          ],
          [
            120.6044044,
            31.3199975,
            20.0
          ],
          [
            120.6045278,
            31.320009,
            18.0
          ],
          [
            120.6046583,
            31.3200201,
            18.0
          ],
          [
            120.6047859,
            31.3200063,
            17.0
          ],
          [
            120.6048425,
            31.319927,
            17.0
          ],
          [
            120.6048568,
            31.3199077,
            16.0
          ],
          [
            120.6049369,
            31.3198833,
            16.0
          ],
          [
            120.6050236,
            31.3199184,
            14.0
          ],
          [
            120.605094,
            31.3198738,
            12.0
          ],
          [
            120.6051251,
            31.3197837,
            13.0
          ],
          [
            120.6051514,
            31.3196687,
            14.0
          ],
          [
            120.605159,
            31.3195639,
            16.0
          ],
          [
            120.6051711,
            31.3194552,
            18.0
          ],
          [
            120.6051499,
            31.3193982,
            20.0
          ],
          [
            120.6050616,
            31.3193772,
            21.0
          ],
          [
            120.6049407,
            31.3193647,
            20.0
          ],
          [
            120.6048191,
            31.3193545,
            19.0
          ],
          [
            120.6046905,
            31.3193528,
            17.0
          ],
          [
            120.604644,
            31.3193593,
            16.0
          ],
          [
            120.6046567,
            31.3194308,
            15.0
          ],
          [
            120.6046566,
            31.3193876,
            16.0
          ],
          [
            120.6045767,
            31.3193826,
            16.0
          ],
          [
            120.6044736,
            31.3193621,
            16.0
          ],
          [
            120.6044281,
            31.3194279,
            17.0
          ],
          [
            120.604418,
            31.3195248,
            18.0
          ],
          [
            120.6044136,
            31.3196267,
            20.0
          ],
          [
            120.6045054,
            31.3196527,
            19.0
          ],
          [
            120.6045346,
            31.3196579,
            18.0
          ],
          [
            120.6044536,
            31.3196535,
            15.0
          ],
          [
            120.6043927,
            31.3197202,
            16.0
          ],
          [
            120.6043771,
            31.319827,
            16.0
          ],
          [
            120.6043628,
            31.3199285,
            17.0
          ],
          [
            120.6043489,
            31.3200264,
            16.0
          ],
          [
            120.6043406,
            31.3199813,
            16.0
          ],
          [
            120.6043547,
            31.3198815,
            19.0
          ],
          [
            120.6043563,
            31.3197518,
            21.0
          ],
          [
            120.6044003,
            31.3196414,
            22.0
          ],
          [
            120.6044521,
            31.3195432,
            22.0
          ],
          [
            120.6044678,
            31.3194414,
            21.0
          ],
          [
            120.6044891,
            31.3193349,
            22.0
          ],
          [
            120.6043958,
            31.3192967,
            23.0
          ],
          [
            120.6043302,
            31.3192849,
            20.0
          ],
          [
            120.6043928,
            31.3192916,
            18.0
          ],
          [
            120.6044356,
            31.319216,
            16.0
          ],
          [
            120.6044653,
            31.3191194,
            15.0
          ],
          [
            120.604563,
            31.3190876,
            15.0
          ],
          [
            120.6046739,
            31.3190716,
            14.0
          ],
          [
            120.6046672,
            31.3190103,
            14.0
          ],
          [
            120.6046942,
            31.3189099,
            16.0
          ],
          [
            120.6047435,
            31.3188043,
            17.0
          ],
          [
            120.6047886,
            31.3186968,
            19.0
          ],
          [
            120.6048241,
            31.3185943,
            20.0
          ],
          [
            120.6048293,
            31.3184913,
            21.0
          ],
          [
            120.6048423,
            31.318393,
            22.0
          ],
          [
            120.6047774,
            31.3183188,
            22.0
          ],
          [
            120.6046573,
            31.3183143,
            21.0
          ],
          [
            120.6045334,
            31.3183284,
            21.0
          ],
          [
            120.6044175,
            31.3183548,
            21.0
          ],
          [
            120.6043435,
            31.3184277,
            20.0
          ],
          [
            120.6043244,
            31.3185362,
            19.0
          ],
          [
            120.604297,
            31.3186455,
            18.0
          ],
          [
            120.6042492,
            31.3187393,
            19.0
          ],
          [
            120.6042389,
            31.3188481,
            20.0
          ],
          [
            120.6042333,
            31.3189545,
            22.0
          ],
          [
            120.6042757,
            31.3189971,
            21.0
          ],
          [
            120.6042085,
            31.3189902,
            21.0
          ],
          [
            120.6041097,
            31.3190252,
            19.0
          ],
          [
            120.604082,
            31.3191245,
            18.0
          ],
          [
            120.6040833,
            31.3192323,
            19.0
          ],
          [
            120.6040863,
            31.3193433,
            20.0
          ],
          [
            120.6040747,
            31.3194439,
            23.0
          ],
          [
            120.6040334,
            31.3195312,
            25.0
          ],
          [
            120.6039934,
            31.3196336,
            26.0
          ],
          [
            120.60395,
            31.3197303,
            26.0
          ],
          [
            120.6039283,
            31.3198258,
            25.0
          ],
          [
            120.6039159,
            31.319913,
            24.0
          ],
          [
            120.6039232,
            31.3200112,
            22.0
          ],
          [
            120.6039196,
            31.3201081,
            21.0
          ],
          [
            120.6039612,
            31.3201948,
            22.0
          ],
          [
            120.604058,
            31.3202241,
            20.0
          ],
          [
            120.6041123,
            31.3202181,
            17.0
          ],
          [
            120.6040462,
            31.3202254,
            16.0
          ],
          [
            120.6039443,
            31.3201939,
            14.0
          ],
          [
            120.6038109,
            31.3201625,
            13.0
          ],
          [
            120.6036875,
            31.3201373,
            14.0
          ],
          [
            120.6035799,
            31.3201691,
            14.0
          ],
          [
            120.6035111,
            31.3202755,
            19.0
          ],
          [
            120.6035006,
            31.3203984,
            15.0
          ],
          [
            120.6035369,
            31.3205242,
            15.0
          ],
          [
            120.603562,
            31.3206295,
            16.0
          ],
          [
            120.6035772,
            31.3206521,
            15.0
          ],
          [
            120.6035521,
            31.3207111,
            15.0
          ],
          [
            120.6035582,
            31.3206526,
            14.0
          ],
          [
            120.6035595,
            31.3205534,
            14.0
          ],
          [
            120.6035953,
            31.3204394,
            14.0
          ],
          [
            120.6035978,
            31.3203256,
            14.0
          ],
          [
            120.6035681,
            31.3202294,
            16.0
          ],
          [
            120.603464,
            31.3201963,
            16.0
          ],
          [
            120.6033499,
            31.3201748,
            16.0
          ],
          [
            120.6032273,
            31.3201775,
            15.0
          ],
          [
            120.6031666,
            31.3202636,
            14.0
          ],
          [
            120.6031459,
            31.3203751,
            14.0
          ],
          [
            120.6031403,
            31.3204887,
            16.0
          ],
          [
            120.6031177,
            31.3204573,
            17.0
          ],
          [
            120.6031039,
            31.3204136,
            18.0
          ],
          [
            120.6031496,
            31.3203175,
            19.0
          ],
          [
            120.603189,
            31.3202032,
            18.0
          ],
          [
            120.6031209,
            31.3201657,
            17.0
          ],
          [
            120.603025,
            31.3201515,
            15.0
          ],
          [
            120.6029742,
            31.3200666,
            14.0
          ],
          [
            120.6030493,
            31.3200177,
            14.0
          ],
          [
            120.6031634,
            31.3200241,
            16.0
          ],
          [
            120.6032908,
            31.3200466,
            17.0
          ],
          [
            120.6034163,
            31.320077,
            16.0
          ],
          [
            120.6035317,
            31.3201111,
            15.0
          ],
          [
            120.603591,
            31.3200551,
            15.0
          ],
          [
            120.6036298,
            31.3199584,
            18.0
          ],
          [
            120.6036455,
            31.3198826,
            20.0
          ],
          [
            120.6037045,
            31.3199043,
            20.0
          ],
          [
            120.6038129,
            31.3199244,
            19.0
          ],
          [
            120.6039324,
            31.3199498,
            17.0
          ],
          [
            120.6039673,
            31.3199604,
            16.0
          ],
          [
            120.6038878,
            31.3199556,
            15.0
          ],
          [
            120.6037613,
            31.3199613,
            14.0
          ],
          [
            120.6036421,
            31.3199291,
            14.0
          ],
          [
            120.6035332,
            31.3198664,
            14.0
          ],
          [
            120.6034243,
            31.3198485,
            16.0
          ],
          [
            120.6033026,
            31.3198362,
            16.0
          ],
          [
            120.6031802,
            31.31981,
            16.0
          ],
          [
            120.6030653,
            31.3197974,
            16.0
          ],
          [
            120.6030225,
            31.3198699,
            15.0
          ],
          [
            120.6030096,
            31.3199663,
            14.0
          ],
          [
            120.6030189,
            31.3199251,
            14.0
          ],
          [
            120.6030521,
            31.3198355,
            15.0
          ],
          [
            120.6031487,
            31.3198084,
            18.0
          ],
          [
            120.6032754,
            31.319816,
            17.0
          ],
          [
            120.6034111,
            31.3198304,
            15.0
          ],
          [
            120.603551,
            31.3198439,
            14.0
          ],
          [
            120.6036381,
            31.3197819,
            15.0
          ],
          [
            120.6036586,
            31.3196897,
            15.0
          ],
          [
            120.6036654,
            31.3195921,
            16.0
          ],
          [
            120.6036685,
            31.3194814,
            17.0
          ],
          [
            120.6036716,
            31.3193793,
            18.0
          ],
          [
            120.6036619,
            31.319332,
            19.0
          ],
          [
            120.6036441,
            31.3192545,
            20.0
          ],
          [
            120.6036897,
            31.3191947,
            22.0
          ],
          [
            120.6038074,
            31.3191984,
            20.0
          ],
          [
            120.6039409,
            31.3192214,
            18.0
          ],
          [
            120.6040675,
            31.3192516,
            17.0
          ],
          [
            120.6041042,
            31.3192667,
            16.0
          ],
          [
            120.6040943,
            31.3191997,
            15.0
          ],
          [
            120.6041122,
            31.3190993,
            17.0
          ],
          [
            120.6041222,
            31.3189869,
            18.0
          ],
          [
            120.604071,
            31.3189561,
            19.0
          ],
          [
            120.6039741,
            31.3189253,
            18.0
          ],
          [
            120.6039249,
            31.3189219,
            17.0
          ],
          [
            120.6038225,
            31.3189103,
            16.0
          ],
          [
            120.6037094,
            31.3188806,
            16.0
          ],
          [
            120.6036389,
            31.3188808,
            16.0
          ],
          [
            120.6035441,
            31.3188704,
            15.0
          ],
          [
            120.6035514,
            31.3187945,
            14.0
          ],
          [
            120.6035955,
            31.3187555,
            13.0
          ],
          [
            120.6035961,
            31.3188208,
            14.0
          ],
          [
            120.6036888,
            31.3188634,
            13.0
          ],
          [
            120.6038142,
            31.3189069,
            12.0
          ],
          [
            120.6039512,
            31.3189474,
            12.0
          ],
          [
            120.6040689,
            31.3189763,
            12.0
          ],
          [
            120.6041517,
            31.31905,
            12.0
          ],
          [
            120.60415,
            31.3191553,
            12.0
          ],
          [
            120.6041012,
            31.3192622,
            13.0
          ],
          [
            120.603989,
            31.3192674,
            14.0
          ],
          [
            120.6038676,
            31.3192538,
            14.0
          ],
          [
            120.6037292,
            31.3192313,
            15.0
          ],
          [
            120.6036154,
            31.3191877,
            15.0
          ],
          [
            120.603535,
            31.3191838,
            14.0
          ],
          [
            120.6034221,
            31.3191838,
            13.0
          ],
          [
            120.6033013,
            31.3191687,
            14.0
          ],
          [
            120.6031855,
            31.3191349,
            13.0
          ],
          [
            120.6030905,
            31.3191807,
            12.0
          ],
          [
            120.6030598,
            31.3192747,
            15.0
          ],
          [
            120.6030406,
            31.3193832,
            17.0
          ],
          [
            120.6030338,
            31.3194909,
            18.0
          ],
          [
            120.6030307,
            31.3196074,
            18.0
          ],
          [
            120.6030357,
            31.3197259,
            19.0
          ],
          [
            120.6030518,
            31.319824,
            19.0
          ],
          [
            120.6030378,
            31.3199239,
            17.0
          ],
          [
            120.6030134,
            31.3200253,
            17.0
          ],
          [
            120.6029829,
            31.3201311,
            17.0
          ],
          [
            120.6029985,
            31.3201798,
            17.0
          ],
          [
            120.6030085,
            31.3201122,
            17.0
          ],
          [
            120.6030413,
            31.3200007,
            19.0
          ],
          [
            120.6030777,
            31.3198878,
            22.0
          ],
          [
            120.6030893,
            31.3197693,
            24.0
          ],
          [
            120.603075,
            31.319657,
            24.0
          ],
          [
            120.6030695,
            31.3195469,
            23.0
          ],
          [
            120.6030703,
            31.3194403,
            22.0
          ],
          [
            120.6030764,
            31.3193353,
            23.0
          ],
          [
            120.603087,
            31.3192238,
            23.0
          ],
          [
            120.6031195,
            31.3191214,
            21.0
          ],
          [
            120.6031489,
            31.3190131,
            22.0
          ],
          [
            120.6031564,
            31.3189126,
            23.0
          ],
          [
            120.6031793,
            31.3188061,
            24.0
          ],
          [
            120.6031994,
            31.3187085,
            25.0
          ],
          [
            120.6031956,
            31.3186173,
            25.0
          ],
          [
            120.6032057,
            31.3185226,
            23.0
          ],
          [
            120.6031975,
            31.3184268,
            22.0
          ],
          [
            120.6032038,
            31.318314,
            23.0
          ],
          [
            120.6032035,
            31.3182099,
            23.0
          ],
          [
            120.6031928,
            31.3181089,
            21.0
          ],
          [
            120.6032234,
            31.3180377,
            22.0
          ],
          [
            120.6032029,
            31.3181518,
            21.0
          ],
          [
            120.6031357,
            31.3182241,
            21.0
          ],
          [
            120.6030317,
            31.318219,
            20.0
          ],
          [
            120.6029189,
            31.3181958,
            17.0
          ],
          [
            120.6028126,
            31.318215,
            15.0
          ],
          [
            120.6027964,
            31.3182993,
            15.0
          ],
          [
            120.6028033,
            31.3184075,
            17.0
          ],
          [
            120.6028071,
            31.3185111,
            19.0
          ],
          [
            120.6028035,
            31.3186109,
            18.0
          ],
          [
            120.6028151,
            31.3185632,
            20.0
          ],
          [
            120.6027354,
            31.3185033,
            21.0
          ],
          [
            120.6026143,
            31.3184628,
            20.0
          ],
          [
            120.6025144,
            31.3184949,
            18.0
          ],
          [
            120.602472,
            31.318583,
            18.0
          ],
          [
            120.6023778,
            31.3186363,
            19.0
          ],
          [
            120.6022708,
            31.3186755,
            19.0
          ],
          [
            120.6022219,
            31.3187624,
            18.0
          ],
          [
            120.6022459,
            31.3188527,
            16.0
          ],
          [
            120.6021868,
            31.318922,
            16.0
          ],
          [
            120.6021131,
            31.3189908,
            14.0
          ],
          [
            120.6020366,
            31.3190679,
            13.0
          ],
          [
            120.6020054,
            31.3191603,
            13.0
          ],
          [
            120.6019824,
            31.3192027,
            13.0
          ],
          [
            120.6019868,
            31.3192868,
            13.0
          ],
          [
            120.6019936,
            31.3193837,
            13.0
          ],
          [
            120.6019973,
            31.3194809,
            13.0
          ],
          [
            120.6019615,
            31.3195876,
            15.0
          ],
          [
            120.6019215,
            31.319687,
            16.0
          ],
          [
            120.6018364,
            31.319742,
            16.0
          ],
          [
            120.6018025,
            31.3198201,
            15.0
          ],
          [
            120.6018075,
            31.319922,
            16.0
          ],
          [
            120.6018024,
            31.319931,
            15.0
          ],
          [
            120.6017933,
            31.3199985,
            16.0
          ],
          [
            120.601829,
            31.3200552,
            16.0
          ],
          [
            120.6018537,
            31.3201398,
            15.0
          ],
          [
            120.6019532,
            31.3201596,
            14.0
          ],
          [
            120.6020678,
            31.3201852,
            14.0
          ],
          [
            120.6022051,
            31.3202169,
            14.0
          ],
          [
            120.6023259,
            31.3202125,
            14.0
          ],
          [
            120.6024243,
            31.3201635,
            12.0
          ],
          [
            120.6024819,
            31.3200635,
            12.0
          ],
          [
            120.6024524,
            31.3199842,
            14.0
          ],
          [
            120.6025043,
            31.3199916,
            13.0
          ],
          [
            120.6025479,
            31.3200692,
            13.0
          ],
          [
            120.602598,
            31.3201778,
            15.0
          ],
          [
            120.6026314,
            31.3202902,
            14.0
          ],
          [
            120.6026953,
            31.3203606,
            14.0
          ],
          [
            120.6026255,
            31.3203419,
            16.0
          ],
          [
            120.6025822,
            31.3202514,
            19.0
          ],
          [
            120.6025113,
            31.3201522,
            19.0
          ],
          [
            120.6024565,
            31.320056,
            18.0
          ],
          [
            120.6023751,
            31.319974,
            17.0
          ],
          [
            120.6022615,
            31.3199241,
            17.0
          ],
          [
            120.6022257,
            31.3198895,
            17.0
          ],
          [
            120.6022294,
            31.3198118,
            17.0
          ],
          [
            120.6021789,
            31.3197421,
            18.0
          ],
          [
            120.6020669,
            31.3197196,
            20.0
          ],
          [
            120.6019839,
            31.3196553,
            19.0
          ],
          [
            120.6020533,
            31.3196322,
            21.0
          ],
          [
            120.6021687,
            31.3196359,
            19.0
          ],
          [
            120.6022808,
            31.31968,
            20.0
          ],
          [
            120.602361,
            31.3196348,
            20.0
          ],
          [
            120.6023443,
            31.3195562,
            19.0
          ],
          [
            120.6022522,
            31.3195071,
            17.0
          ],
          [
            120.6023095,
            31.3194491,
            16.0
          ],
          [
            120.602349,
            31.319355,
            15.0
          ],
          [
            120.60235,
            31.3192463,
            15.0
          ],
          [
            120.6023455,
            31.3191355,
            14.0
          ],
          [
            120.6022565,
            31.3190677,
            14.0
          ],
          [
            120.6021441,
            31.3190246,
            14.0
          ],
          [
            120.6021675,
            31.3189672,
            13.0
          ],
          [
            120.6020894,
            31.3189781,
            14.0
          ],
          [
            120.6020351,
            31.3190648,
            12.0
          ],
          [
            120.6020553,
            31.3191609,
            12.0
          ],
          [
            120.6021693,
            31.3191994,
            12.0
          ],
          [
            120.6021116,
            31.3191998,
            12.0
          ],
          [
            120.6020502,
            31.3191286,
            13.0
          ],
          [
            120.6020436,
            31.3190329,
            13.0
          ],
          [
            120.6020955,
            31.3189362,
            12.0
          ],
          [
            120.6022077,
            31.3188882,
            14.0
          ],
          [
            120.6023024,
            31.3188105,
            15.0
          ],
          [
            120.6024175,
            31.3187884,
            15.0
          ],
          [
            120.6025277,
            31.3188037,
            15.0
          ],
          [
            120.6026427,
            31.3188321,
            14.0
          ],
          [
            120.602707,
            31.3189113,
            13.0
          ],
          [
            120.6027989,
            31.3189468,
            12.0
          ],
          [
            120.6029112,
            31.3189768,
            14.0
          ],
          [
            120.6028532,
            31.3189624,
            14.0
          ],
          [
            120.6027237,
            31.3189395,
            14.0
          ],
          [
            120.6025894,
            31.3188842,
            16.0
          ],
          [
            120.602456,
            31.3188596,
            16.0
          ],
          [
            120.6023315,
            31.3188352,
            16.0
          ],
          [
            120.6022368,
            31.3187781,
            16.0
          ],
          [
            120.6021937,
            31.318689,
            15.0
          ],
          [
            120.6021823,
            31.318594,
            16.0
          ],
          [
            120.6022008,
            31.3184905,
            18.0
          ],
          [
            120.6022101,
            31.3184066,
            18.0
          ],
          [
            120.6022144,
            31.3183023,
            19.0
          ],
          [
            120.6022299,
            31.3181905,
            20.0
          ],
          [
            120.6022696,
            31.3181146,
            21.0
          ],
          [
            120.6023657,
            31.3180774,
            22.0
          ],
          [
            120.6024836,
            31.318076,
            20.0
          ],
          [
            120.6026107,
            31.3180988,
            16.0
          ],
          [
            120.6027353,
            31.3181307,
            14.0
          ],
          [
            120.6028517,
            31.3181521,
            14.0
          ],
          [
            120.6029667,
            31.3181716,
            13.0
          ],
          [
            120.6030805,
            31.3181913,
            12.0
          ],
          [
            120.6031894,
            31.318231,
            10.0
          ],
          [
            120.6031789,
            31.3182804,
            11.0
          ],
          [
            120.603143,
            31.3182217,
            12.0
          ],
          [
            120.6031925,
            31.3181599,
            12.0
          ],
          [
            120.6031687,
            31.3181473,
            13.0
          ],
          [
            120.6032407,
            31.3182343,
            13.0
          ],
          [
            120.603216,
            31.318205,
            13.0
          ],
          [
            120.6033011,
            31.3182353,
            12.0
          ],
          [
            120.6033827,
            31.3182457,
            12.0
          ],
          [
            120.6034897,
            31.3182383,
            11.0
          ],
          [
            120.6036011,
            31.3182427,
            11.0
          ],
          [
            120.6037139,
            31.3182517,
            9.0
          ],
          [
            120.6038309,
            31.3182616,
            8.0
          ],
          [
            120.6039459,
            31.318265,
            8.0
          ],
          [
            120.6040573,
            31.3182784,
            9.0
          ],
          [
            120.604169,
            31.3182891,
            9.0
          ],
          [
            120.6042803,
            31.3183141,
            9.0
          ],
          [
            120.6043992,
            31.3183501,
            9.0
          ],
          [
            120.6044787,
            31.3183671,
            10.0
          ],
          [
            120.6045739,
            31.3183714,
            13.0
          ],
          [
            120.6046904,
            31.3183622,
            13.0
          ],
          [
            120.6048045,
            31.3183598,
            12.0
          ],
          [
            120.6048045,
            31.3183598,
            12.0
          ]
        ]
      }
    },
    {
      "type": "Feature",
      "properties": {
        "name": "2026-05-23 16:30 徒步 points",
        "times": [
          "2026-05-23T08:30:49Z",
          "2026-05-23T08:31:33Z",
          "2026-05-23T08:31:39Z",
          "2026-05-23T08:31:47Z",
          "2026-05-23T08:31:55Z",
          "2026-05-23T08:32:05Z",
          "2026-05-23T08:32:13Z",
          "2026-05-23T08:32:21Z",
          "2026-05-23T08:32:29Z",
          "2026-05-23T08:32:39Z",
          "2026-05-23T08:32:45Z",
          "2026-05-23T08:32:53Z",
          "2026-05-23T08:33:01Z",
          "2026-05-23T08:33:09Z",
          "2026-05-23T08:33:21Z",
          "2026-05-23T08:33:29Z",
          "2026-05-23T08:33:37Z",
          "2026-05-23T08:33:45Z",
          "2026-05-23T08:33:53Z",
          "2026-05-23T08:34:01Z",
          "2026-05-23T08:34:09Z",
          "2026-05-23T08:34:17Z",
          "2026-05-23T08:34:27Z",
          "2026-05-23T08:34:35Z",
          "2026-05-23T08:34:43Z",
          "2026-05-23T08:34:53Z",
          "2026-05-23T08:35:15Z",
          "2026-05-23T08:35:23Z",
          "2026-05-23T08:35:31Z",
          "2026-05-23T08:35:39Z",
          "2026-05-23T08:35:47Z",
          "2026-05-23T08:35:55Z",
          "2026-05-23T08:36:03Z",
          "2026-05-23T08:36:11Z",
          "2026-05-23T08:36:19Z",
          "2026-05-23T08:36:29Z",
          "2026-05-23T08:36:37Z",
          "2026-05-23T08:36:47Z",
          "2026-05-23T08:36:57Z",
          "2026-05-23T08:37:05Z",
          "2026-05-23T08:37:13Z",
          "2026-05-23T08:37:21Z",
          "2026-05-23T08:37:31Z",
          "2026-05-23T08:37:49Z",
          "2026-05-23T08:37:57Z",
          "2026-05-23T08:38:05Z",
          "2026-05-23T08:38:11Z",
          "2026-05-23T08:38:17Z",
          "2026-05-23T08:38:25Z",
          "2026-05-23T08:38:33Z",
          "2026-05-23T08:38:41Z",
          "2026-05-23T08:38:49Z",
          "2026-05-23T08:38:57Z",
          "2026-05-23T08:39:05Z",
          "2026-05-23T08:39:13Z",
          "2026-05-23T08:39:21Z",
          "2026-05-23T08:39:31Z",
          "2026-05-23T08:39:39Z",
          "2026-05-23T08:39:47Z",
          "2026-05-23T08:39:55Z",
          "2026-05-23T08:40:03Z",
          "2026-05-23T08:40:05Z",
          "2026-05-23T08:40:21Z",
          "2026-05-23T08:40:33Z",
          "2026-05-23T08:40:41Z",
          "2026-05-23T08:40:49Z",
          "2026-05-23T08:40:57Z",
          "2026-05-23T08:41:07Z",
          "2026-05-23T08:41:15Z",
          "2026-05-23T08:41:23Z",
          "2026-05-23T08:41:31Z",
          "2026-05-23T08:41:39Z",
          "2026-05-23T08:41:51Z",
          "2026-05-23T08:42:01Z",
          "2026-05-23T08:42:09Z",
          "2026-05-23T08:42:17Z",
          "2026-05-23T08:42:23Z",
          "2026-05-23T08:42:31Z",
          "2026-05-23T08:42:39Z",
          "2026-05-23T08:42:47Z",
          "2026-05-23T08:42:55Z",
          "2026-05-23T08:43:03Z",
          "2026-05-23T08:43:11Z",
          "2026-05-23T08:43:19Z",
          "2026-05-23T08:43:31Z",
          "2026-05-23T08:43:39Z",
          "2026-05-23T08:43:47Z",
          "2026-05-23T08:43:55Z",
          "2026-05-23T08:44:17Z",
          "2026-05-23T08:44:23Z",
          "2026-05-23T08:44:31Z",
          "2026-05-23T08:44:39Z",
          "2026-05-23T08:44:49Z",
          "2026-05-23T08:45:05Z",
          "2026-05-23T08:45:15Z",
          "2026-05-23T08:45:25Z",
          "2026-05-23T08:45:37Z",
          "2026-05-23T08:45:51Z",
          "2026-05-23T08:45:57Z",
          "2026-05-23T08:46:23Z",
          "2026-05-23T08:46:31Z",
          "2026-05-23T08:46:39Z",
          "2026-05-23T08:46:47Z",
          "2026-05-23T08:46:55Z",
          "2026-05-23T08:47:09Z",
          "2026-05-23T08:47:19Z",
          "2026-05-23T08:47:27Z",
          "2026-05-23T08:47:35Z",
          "2026-05-23T08:47:41Z",
          "2026-05-23T08:48:05Z",
          "2026-05-23T08:48:15Z",
          "2026-05-23T08:48:25Z",
          "2026-05-23T08:48:33Z",
          "2026-05-23T08:48:41Z",
          "2026-05-23T08:48:49Z",
          "2026-05-23T08:48:57Z",
          "2026-05-23T08:49:07Z",
          "2026-05-23T08:49:13Z",
          "2026-05-23T08:49:51Z",
          "2026-05-23T08:52:47Z",
          "2026-05-23T08:52:55Z",
          "2026-05-23T08:53:03Z",
          "2026-05-23T08:53:13Z",
          "2026-05-23T08:53:23Z",
          "2026-05-23T08:53:33Z",
          "2026-05-23T08:53:41Z",
          "2026-05-23T08:53:49Z",
          "2026-05-23T08:53:56Z",
          "2026-05-23T08:54:04Z",
          "2026-05-23T08:54:12Z",
          "2026-05-23T08:54:30Z",
          "2026-05-23T08:54:38Z",
          "2026-05-23T08:55:00Z",
          "2026-05-23T08:55:08Z",
          "2026-05-23T08:55:20Z",
          "2026-05-23T08:55:28Z",
          "2026-05-23T08:55:36Z",
          "2026-05-23T08:55:44Z",
          "2026-05-23T08:55:54Z",
          "2026-05-23T08:56:14Z",
          "2026-05-23T08:56:22Z",
          "2026-05-23T08:56:30Z",
          "2026-05-23T08:56:38Z",
          "2026-05-23T08:56:56Z",
          "2026-05-23T08:57:02Z",
          "2026-05-23T08:57:12Z",
          "2026-05-23T08:57:26Z",
          "2026-05-23T08:57:34Z",
          "2026-05-23T08:57:42Z",
          "2026-05-23T08:57:52Z",
          "2026-05-23T08:58:02Z",
          "2026-05-23T08:58:10Z",
          "2026-05-23T08:58:18Z",
          "2026-05-23T08:58:26Z",
          "2026-05-23T08:58:34Z",
          "2026-05-23T08:58:42Z",
          "2026-05-23T08:58:52Z",
          "2026-05-23T08:59:00Z",
          "2026-05-23T08:59:08Z",
          "2026-05-23T08:59:16Z",
          "2026-05-23T08:59:24Z",
          "2026-05-23T08:59:32Z",
          "2026-05-23T08:59:40Z",
          "2026-05-23T08:59:48Z",
          "2026-05-23T08:59:56Z",
          "2026-05-23T09:00:04Z",
          "2026-05-23T09:00:16Z",
          "2026-05-23T09:00:26Z",
          "2026-05-23T09:00:36Z",
          "2026-05-23T09:00:46Z",
          "2026-05-23T09:00:56Z",
          "2026-05-23T09:01:04Z",
          "2026-05-23T09:01:10Z",
          "2026-05-23T09:01:22Z",
          "2026-05-23T09:01:50Z",
          "2026-05-23T09:01:58Z",
          "2026-05-23T09:02:06Z",
          "2026-05-23T09:02:14Z",
          "2026-05-23T09:02:22Z",
          "2026-05-23T09:02:32Z",
          "2026-05-23T09:02:48Z",
          "2026-05-23T09:02:56Z",
          "2026-05-23T09:03:04Z",
          "2026-05-23T09:03:12Z",
          "2026-05-23T09:03:22Z",
          "2026-05-23T09:03:30Z",
          "2026-05-23T09:03:38Z",
          "2026-05-23T09:03:46Z",
          "2026-05-23T09:03:54Z",
          "2026-05-23T09:04:04Z",
          "2026-05-23T09:04:12Z",
          "2026-05-23T09:04:18Z",
          "2026-05-23T09:04:30Z",
          "2026-05-23T09:04:40Z",
          "2026-05-23T09:04:48Z",
          "2026-05-23T09:04:56Z",
          "2026-05-23T09:05:04Z",
          "2026-05-23T09:05:12Z",
          "2026-05-23T09:05:20Z",
          "2026-05-23T09:05:28Z",
          "2026-05-23T09:05:36Z",
          "2026-05-23T09:05:44Z",
          "2026-05-23T09:05:52Z",
          "2026-05-23T09:06:02Z",
          "2026-05-23T09:06:10Z",
          "2026-05-23T09:06:18Z",
          "2026-05-23T09:06:28Z",
          "2026-05-23T09:06:36Z",
          "2026-05-23T09:06:44Z",
          "2026-05-23T09:06:52Z",
          "2026-05-23T09:07:00Z",
          "2026-05-23T09:07:08Z",
          "2026-05-23T09:07:22Z",
          "2026-05-23T09:07:28Z",
          "2026-05-23T09:07:40Z",
          "2026-05-23T09:07:52Z",
          "2026-05-23T09:08:02Z",
          "2026-05-23T09:08:10Z",
          "2026-05-23T09:08:20Z",
          "2026-05-23T09:08:28Z",
          "2026-05-23T09:08:38Z",
          "2026-05-23T09:08:46Z",
          "2026-05-23T09:08:54Z",
          "2026-05-23T09:09:00Z",
          "2026-05-23T09:09:10Z",
          "2026-05-23T09:09:20Z",
          "2026-05-23T09:09:28Z",
          "2026-05-23T09:09:36Z",
          "2026-05-23T09:09:44Z",
          "2026-05-23T09:09:54Z",
          "2026-05-23T09:10:02Z",
          "2026-05-23T09:10:10Z",
          "2026-05-23T09:10:20Z",
          "2026-05-23T09:10:28Z",
          "2026-05-23T09:10:38Z",
          "2026-05-23T09:10:46Z",
          "2026-05-23T09:10:54Z",
          "2026-05-23T09:11:02Z",
          "2026-05-23T09:11:10Z",
          "2026-05-23T09:11:20Z",
          "2026-05-23T09:11:28Z",
          "2026-05-23T09:11:38Z",
          "2026-05-23T09:11:50Z",
          "2026-05-23T09:12:00Z",
          "2026-05-23T09:12:10Z",
          "2026-05-23T09:12:18Z",
          "2026-05-23T09:12:26Z",
          "2026-05-23T09:12:34Z",
          "2026-05-23T09:12:42Z",
          "2026-05-23T09:12:50Z",
          "2026-05-23T09:12:58Z",
          "2026-05-23T09:13:06Z",
          "2026-05-23T09:13:18Z",
          "2026-05-23T09:13:26Z",
          "2026-05-23T09:13:34Z",
          "2026-05-23T09:13:42Z",
          "2026-05-23T09:13:50Z",
          "2026-05-23T09:13:58Z",
          "2026-05-23T09:14:06Z",
          "2026-05-23T09:14:14Z",
          "2026-05-23T09:14:22Z",
          "2026-05-23T09:14:30Z",
          "2026-05-23T09:14:38Z",
          "2026-05-23T09:14:46Z",
          "2026-05-23T09:14:54Z",
          "2026-05-23T09:15:02Z",
          "2026-05-23T09:15:10Z",
          "2026-05-23T09:15:18Z",
          "2026-05-23T09:15:26Z",
          "2026-05-23T09:15:34Z",
          "2026-05-23T09:15:42Z",
          "2026-05-23T09:15:50Z",
          "2026-05-23T09:15:58Z",
          "2026-05-23T09:16:06Z",
          "2026-05-23T09:16:14Z",
          "2026-05-23T09:16:22Z",
          "2026-05-23T09:16:34Z",
          "2026-05-23T09:16:42Z",
          "2026-05-23T09:16:50Z",
          "2026-05-23T09:17:00Z",
          "2026-05-23T09:17:08Z",
          "2026-05-23T09:17:16Z",
          "2026-05-23T09:17:20Z",
          "2026-05-23T09:17:46Z",
          "2026-05-23T09:17:56Z",
          "2026-05-23T09:18:04Z",
          "2026-05-23T09:18:18Z",
          "2026-05-23T09:18:30Z",
          "2026-05-23T09:18:42Z",
          "2026-05-23T09:18:52Z",
          "2026-05-23T09:19:02Z",
          "2026-05-23T09:19:12Z",
          "2026-05-23T09:19:20Z",
          "2026-05-23T09:19:30Z",
          "2026-05-23T09:19:38Z",
          "2026-05-23T09:19:46Z",
          "2026-05-23T09:19:54Z",
          "2026-05-23T09:20:02Z",
          "2026-05-23T09:20:10Z",
          "2026-05-23T09:20:20Z",
          "2026-05-23T09:20:32Z",
          "2026-05-23T09:20:42Z",
          "2026-05-23T09:20:52Z",
          "2026-05-23T09:21:00Z",
          "2026-05-23T09:21:20Z",
          "2026-05-23T09:21:28Z",
          "2026-05-23T09:21:36Z",
          "2026-05-23T09:21:46Z",
          "2026-05-23T09:21:56Z",
          "2026-05-23T09:22:06Z",
          "2026-05-23T09:22:16Z",
          "2026-05-23T09:22:22Z",
          "2026-05-23T09:22:36Z",
          "2026-05-23T09:22:44Z",
          "2026-05-23T09:22:58Z",
          "2026-05-23T09:23:06Z",
          "2026-05-23T09:23:14Z",
          "2026-05-23T09:23:22Z",
          "2026-05-23T09:23:30Z",
          "2026-05-23T09:23:38Z",
          "2026-05-23T09:23:48Z",
          "2026-05-23T09:24:02Z",
          "2026-05-23T09:24:10Z",
          "2026-05-23T09:24:18Z",
          "2026-05-23T09:24:26Z",
          "2026-05-23T09:24:34Z",
          "2026-05-23T09:24:44Z",
          "2026-05-23T09:24:52Z",
          "2026-05-23T09:25:02Z",
          "2026-05-23T09:25:08Z",
          "2026-05-23T09:25:16Z",
          "2026-05-23T09:25:24Z",
          "2026-05-23T09:25:32Z",
          "2026-05-23T09:25:38Z",
          "2026-05-23T09:25:42Z",
          "2026-05-23T09:25:54Z",
          "2026-05-23T09:26:04Z",
          "2026-05-23T09:26:22Z",
          "2026-05-23T09:26:32Z",
          "2026-05-23T09:26:42Z",
          "2026-05-23T09:26:48Z",
          "2026-05-23T09:27:00Z",
          "2026-05-23T09:27:16Z",
          "2026-05-23T09:27:24Z",
          "2026-05-23T09:27:32Z",
          "2026-05-23T09:27:46Z",
          "2026-05-23T09:27:54Z",
          "2026-05-23T09:28:02Z",
          "2026-05-23T09:28:14Z",
          "2026-05-23T09:28:22Z",
          "2026-05-23T09:28:32Z",
          "2026-05-23T09:28:40Z",
          "2026-05-23T09:28:48Z",
          "2026-05-23T09:28:58Z",
          "2026-05-23T09:29:20Z",
          "2026-05-23T09:29:50Z",
          "2026-05-23T09:29:58Z",
          "2026-05-23T09:30:06Z",
          "2026-05-23T09:30:14Z",
          "2026-05-23T09:30:28Z",
          "2026-05-23T09:30:36Z",
          "2026-05-23T09:30:44Z",
          "2026-05-23T09:31:10Z",
          "2026-05-23T09:31:20Z",
          "2026-05-23T09:31:32Z",
          "2026-05-23T09:31:42Z",
          "2026-05-23T09:31:52Z",
          "2026-05-23T09:32:02Z",
          "2026-05-23T09:32:12Z",
          "2026-05-23T09:32:24Z",
          "2026-05-23T09:32:36Z",
          "2026-05-23T09:32:44Z",
          "2026-05-23T09:33:02Z",
          "2026-05-23T09:33:10Z",
          "2026-05-23T09:33:20Z",
          "2026-05-23T09:33:30Z",
          "2026-05-23T09:33:38Z",
          "2026-05-23T09:33:50Z",
          "2026-05-23T09:34:04Z",
          "2026-05-23T09:34:12Z",
          "2026-05-23T09:34:22Z",
          "2026-05-23T09:34:30Z",
          "2026-05-23T09:34:38Z",
          "2026-05-23T09:34:48Z",
          "2026-05-23T09:34:56Z",
          "2026-05-23T09:35:06Z",
          "2026-05-23T09:35:16Z",
          "2026-05-23T09:35:22Z",
          "2026-05-23T09:35:34Z",
          "2026-05-23T09:35:54Z",
          "2026-05-23T09:36:02Z",
          "2026-05-23T09:36:12Z",
          "2026-05-23T09:36:22Z",
          "2026-05-23T09:36:34Z",
          "2026-05-23T09:36:42Z",
          "2026-05-23T09:36:52Z",
          "2026-05-23T09:37:00Z",
          "2026-05-23T09:37:08Z",
          "2026-05-23T09:37:20Z",
          "2026-05-23T09:37:26Z",
          "2026-05-23T09:37:48Z",
          "2026-05-23T09:37:54Z",
          "2026-05-23T09:38:02Z",
          "2026-05-23T09:38:16Z",
          "2026-05-23T09:38:26Z",
          "2026-05-23T09:38:42Z",
          "2026-05-23T09:38:54Z",
          "2026-05-23T09:39:04Z",
          "2026-05-23T09:39:14Z",
          "2026-05-23T09:39:22Z",
          "2026-05-23T09:39:32Z",
          "2026-05-23T09:39:40Z",
          "2026-05-23T09:39:50Z",
          "2026-05-23T09:40:00Z",
          "2026-05-23T09:40:10Z",
          "2026-05-23T09:40:32Z",
          "2026-05-23T09:40:56Z",
          "2026-05-23T09:41:04Z",
          "2026-05-23T09:41:22Z",
          "2026-05-23T09:41:30Z",
          "2026-05-23T09:41:40Z",
          "2026-05-23T09:41:48Z",
          "2026-05-23T09:41:58Z",
          "2026-05-23T09:42:06Z",
          "2026-05-23T09:42:14Z",
          "2026-05-23T09:42:22Z",
          "2026-05-23T09:42:30Z",
          "2026-05-23T09:42:40Z",
          "2026-05-23T09:42:42Z",
          "2026-05-23T09:42:52Z",
          "2026-05-23T09:43:02Z",
          "2026-05-23T09:43:10Z",
          "2026-05-23T09:43:18Z",
          "2026-05-23T09:43:34Z",
          "2026-05-23T09:43:42Z",
          "2026-05-23T09:43:50Z",
          "2026-05-23T09:44:06Z",
          "2026-05-23T09:44:30Z",
          "2026-05-23T09:44:42Z",
          "2026-05-23T09:44:52Z",
          "2026-05-23T09:45:02Z",
          "2026-05-23T09:45:12Z",
          "2026-05-23T09:45:26Z",
          "2026-05-23T09:45:48Z",
          "2026-05-23T09:45:56Z",
          "2026-05-23T09:46:06Z",
          "2026-05-23T09:46:20Z",
          "2026-05-23T09:46:28Z",
          "2026-05-23T09:46:34Z",
          "2026-05-23T09:46:42Z",
          "2026-05-23T09:46:52Z",
          "2026-05-23T09:46:56Z",
          "2026-05-23T09:47:18Z",
          "2026-05-23T09:47:28Z",
          "2026-05-23T09:47:36Z",
          "2026-05-23T09:47:46Z",
          "2026-05-23T09:47:56Z",
          "2026-05-23T09:48:36Z",
          "2026-05-23T09:48:46Z",
          "2026-05-23T09:48:56Z",
          "2026-05-23T09:49:06Z",
          "2026-05-23T09:49:16Z",
          "2026-05-23T09:49:24Z",
          "2026-05-23T09:49:32Z",
          "2026-05-23T09:49:42Z",
          "2026-05-23T09:49:52Z",
          "2026-05-23T09:50:00Z",
          "2026-05-23T09:50:08Z",
          "2026-05-23T09:50:28Z",
          "2026-05-23T09:50:38Z",
          "2026-05-23T09:50:46Z",
          "2026-05-23T09:50:54Z",
          "2026-05-23T09:51:04Z",
          "2026-05-23T09:51:12Z",
          "2026-05-23T09:51:22Z",
          "2026-05-23T09:51:38Z",
          "2026-05-23T09:51:52Z",
          "2026-05-23T09:52:02Z",
          "2026-05-23T09:52:08Z",
          "2026-05-23T09:52:18Z",
          "2026-05-23T09:52:26Z",
          "2026-05-23T09:52:34Z",
          "2026-05-23T09:52:44Z",
          "2026-05-23T09:52:52Z",
          "2026-05-23T09:53:00Z",
          "2026-05-23T09:53:10Z",
          "2026-05-23T09:53:22Z",
          "2026-05-23T09:53:32Z",
          "2026-05-23T09:53:44Z",
          "2026-05-23T09:53:52Z",
          "2026-05-23T09:53:56Z",
          "2026-05-23T09:54:16Z",
          "2026-05-23T09:54:26Z",
          "2026-05-23T09:54:40Z",
          "2026-05-23T09:54:52Z",
          "2026-05-23T09:55:06Z",
          "2026-05-23T09:55:24Z",
          "2026-05-23T09:55:28Z",
          "2026-05-23T09:55:34Z",
          "2026-05-23T09:55:42Z",
          "2026-05-23T09:55:44Z",
          "2026-05-23T09:56:02Z",
          "2026-05-23T09:56:34Z",
          "2026-05-23T09:56:44Z",
          "2026-05-23T09:56:52Z",
          "2026-05-23T09:57:00Z",
          "2026-05-23T09:57:08Z",
          "2026-05-23T09:57:18Z",
          "2026-05-23T09:57:28Z",
          "2026-05-23T09:57:44Z",
          "2026-05-23T09:57:58Z",
          "2026-05-23T09:58:06Z",
          "2026-05-23T09:58:14Z",
          "2026-05-23T09:58:22Z",
          "2026-05-23T09:58:26Z",
          "2026-05-23T09:58:36Z",
          "2026-05-23T09:58:44Z",
          "2026-05-23T09:58:52Z",
          "2026-05-23T09:59:00Z",
          "2026-05-23T09:59:10Z",
          "2026-05-23T09:59:26Z",
          "2026-05-23T09:59:34Z",
          "2026-05-23T09:59:42Z",
          "2026-05-23T09:59:50Z",
          "2026-05-23T10:00:02Z",
          "2026-05-23T10:00:32Z",
          "2026-05-23T10:00:38Z",
          "2026-05-23T10:00:48Z",
          "2026-05-23T10:01:02Z",
          "2026-05-23T10:01:10Z",
          "2026-05-23T10:01:18Z",
          "2026-05-23T10:01:20Z",
          "2026-05-23T10:01:38Z",
          "2026-05-23T10:01:46Z",
          "2026-05-23T10:01:52Z",
          "2026-05-23T10:02:06Z",
          "2026-05-23T10:02:14Z",
          "2026-05-23T10:02:22Z",
          "2026-05-23T10:02:30Z",
          "2026-05-23T10:02:38Z",
          "2026-05-23T10:02:52Z",
          "2026-05-23T10:03:02Z",
          "2026-05-23T10:03:14Z",
          "2026-05-23T10:03:22Z",
          "2026-05-23T10:03:32Z",
          "2026-05-23T10:03:42Z",
          "2026-05-23T10:03:50Z",
          "2026-05-23T10:03:58Z",
          "2026-05-23T10:04:10Z",
          "2026-05-23T10:04:18Z",
          "2026-05-23T10:04:26Z",
          "2026-05-23T10:04:36Z",
          "2026-05-23T10:04:44Z",
          "2026-05-23T10:04:50Z",
          "2026-05-23T10:05:00Z",
          "2026-05-23T10:05:08Z",
          "2026-05-23T10:05:22Z",
          "2026-05-23T10:05:30Z",
          "2026-05-23T10:05:38Z",
          "2026-05-23T10:05:42Z",
          "2026-05-23T10:06:04Z",
          "2026-05-23T10:06:12Z",
          "2026-05-23T10:06:20Z",
          "2026-05-23T10:06:28Z",
          "2026-05-23T10:06:38Z",
          "2026-05-23T10:06:40Z",
          "2026-05-23T10:06:50Z",
          "2026-05-23T10:06:58Z",
          "2026-05-23T10:07:04Z",
          "2026-05-23T10:07:18Z",
          "2026-05-23T10:07:28Z",
          "2026-05-23T10:07:36Z",
          "2026-05-23T10:08:04Z",
          "2026-05-23T10:08:28Z",
          "2026-05-23T10:08:38Z",
          "2026-05-23T10:08:46Z",
          "2026-05-23T10:08:54Z",
          "2026-05-23T10:09:06Z",
          "2026-05-23T10:09:14Z",
          "2026-05-23T10:09:22Z",
          "2026-05-23T10:09:30Z",
          "2026-05-23T10:09:38Z",
          "2026-05-23T10:09:46Z",
          "2026-05-23T10:09:56Z",
          "2026-05-23T10:10:02Z",
          "2026-05-23T10:10:24Z",
          "2026-05-23T10:10:34Z",
          "2026-05-23T10:10:46Z",
          "2026-05-23T10:11:00Z",
          "2026-05-23T10:11:08Z",
          "2026-05-23T10:11:16Z",
          "2026-05-23T10:11:24Z",
          "2026-05-23T10:11:32Z",
          "2026-05-23T10:11:40Z",
          "2026-05-23T10:11:54Z",
          "2026-05-23T10:12:04Z",
          "2026-05-23T10:12:12Z",
          "2026-05-23T10:12:20Z",
          "2026-05-23T10:12:34Z",
          "2026-05-23T10:12:46Z",
          "2026-05-23T10:12:54Z",
          "2026-05-23T10:13:02Z",
          "2026-05-23T10:13:10Z",
          "2026-05-23T10:13:18Z",
          "2026-05-23T10:13:26Z",
          "2026-05-23T10:13:34Z",
          "2026-05-23T10:13:42Z",
          "2026-05-23T10:13:50Z",
          "2026-05-23T10:13:58Z",
          "2026-05-23T10:14:08Z",
          "2026-05-23T10:14:16Z",
          "2026-05-23T10:14:26Z",
          "2026-05-23T10:14:34Z",
          "2026-05-23T10:14:44Z",
          "2026-05-23T10:15:00Z",
          "2026-05-23T10:15:10Z",
          "2026-05-23T10:15:18Z",
          "2026-05-23T10:15:32Z",
          "2026-05-23T10:15:50Z",
          "2026-05-23T10:15:58Z",
          "2026-05-23T10:23:18Z",
          "2026-05-23T10:23:28Z",
          "2026-05-23T10:23:38Z",
          "2026-05-23T10:23:46Z",
          "2026-05-23T10:23:58Z",
          "2026-05-23T10:24:06Z",
          "2026-05-23T10:24:14Z",
          "2026-05-23T10:24:24Z",
          "2026-05-23T10:24:32Z",
          "2026-05-23T10:24:42Z",
          "2026-05-23T10:24:56Z",
          "2026-05-23T10:25:10Z",
          "2026-05-23T10:25:20Z",
          "2026-05-23T10:25:30Z",
          "2026-05-23T10:25:40Z",
          "2026-05-23T10:25:50Z",
          "2026-05-23T10:26:06Z",
          "2026-05-23T10:26:14Z",
          "2026-05-23T10:26:24Z",
          "2026-05-23T10:26:32Z",
          "2026-05-23T10:26:40Z",
          "2026-05-23T10:26:48Z",
          "2026-05-23T10:27:02Z",
          "2026-05-23T10:27:16Z",
          "2026-05-23T10:27:24Z",
          "2026-05-23T10:27:34Z",
          "2026-05-23T10:27:44Z",
          "2026-05-23T10:27:54Z",
          "2026-05-23T10:28:02Z",
          "2026-05-23T10:28:10Z",
          "2026-05-23T10:28:20Z",
          "2026-05-23T10:28:24Z",
          "2026-05-23T10:28:36Z",
          "2026-05-23T10:28:54Z",
          "2026-05-23T10:29:06Z",
          "2026-05-23T10:29:16Z",
          "2026-05-23T10:29:24Z",
          "2026-05-23T10:29:32Z",
          "2026-05-23T10:29:44Z",
          "2026-05-23T10:29:56Z",
          "2026-05-23T10:30:06Z",
          "2026-05-23T10:30:16Z",
          "2026-05-23T10:30:28Z",
          "2026-05-23T10:30:36Z",
          "2026-05-23T10:30:50Z",
          "2026-05-23T10:30:56Z",
          "2026-05-23T10:31:10Z",
          "2026-05-23T10:31:20Z",
          "2026-05-23T10:31:28Z",
          "2026-05-23T10:31:36Z",
          "2026-05-23T10:31:44Z",
          "2026-05-23T10:31:50Z",
          "2026-05-23T10:32:02Z",
          "2026-05-23T10:32:08Z",
          "2026-05-23T10:32:26Z",
          "2026-05-23T10:32:38Z",
          "2026-05-23T10:32:58Z",
          "2026-05-23T10:33:06Z",
          "2026-05-23T10:33:24Z",
          "2026-05-23T10:33:38Z",
          "2026-05-23T10:33:48Z",
          "2026-05-23T10:34:24Z",
          "2026-05-23T10:35:00Z",
          "2026-05-23T10:35:12Z",
          "2026-05-23T10:35:28Z",
          "2026-05-23T10:35:38Z",
          "2026-05-23T10:35:46Z",
          "2026-05-23T10:35:54Z",
          "2026-05-23T10:36:02Z",
          "2026-05-23T10:36:10Z",
          "2026-05-23T10:36:18Z",
          "2026-05-23T10:36:28Z",
          "2026-05-23T10:36:34Z",
          "2026-05-23T10:36:40Z",
          "2026-05-23T10:36:48Z",
          "2026-05-23T10:37:02Z",
          "2026-05-23T10:37:08Z",
          "2026-05-23T10:37:14Z",
          "2026-05-23T10:37:22Z",
          "2026-05-23T10:37:30Z",
          "2026-05-23T10:37:40Z",
          "2026-05-23T10:37:48Z",
          "2026-05-23T10:37:54Z",
          "2026-05-23T10:38:02Z",
          "2026-05-23T10:38:10Z",
          "2026-05-23T10:38:16Z",
          "2026-05-23T10:38:24Z",
          "2026-05-23T10:38:50Z",
          "2026-05-23T10:38:58Z",
          "2026-05-23T10:39:06Z",
          "2026-05-23T10:39:14Z",
          "2026-05-23T10:39:22Z",
          "2026-05-23T10:39:30Z",
          "2026-05-23T10:39:36Z",
          "2026-05-23T10:39:46Z",
          "2026-05-23T10:39:56Z",
          "2026-05-23T10:40:04Z",
          "2026-05-23T10:40:14Z",
          "2026-05-23T10:40:22Z",
          "2026-05-23T10:40:30Z",
          "2026-05-23T10:40:54Z",
          "2026-05-23T10:41:02Z",
          "2026-05-23T10:41:10Z",
          "2026-05-23T10:41:18Z",
          "2026-05-23T10:41:26Z",
          "2026-05-23T10:41:34Z",
          "2026-05-23T10:41:42Z",
          "2026-05-23T10:41:50Z",
          "2026-05-23T10:41:58Z",
          "2026-05-23T10:42:30Z",
          "2026-05-23T10:42:50Z",
          "2026-05-23T10:42:56Z",
          "2026-05-23T10:44:00Z",
          "2026-05-23T10:44:02Z",
          "2026-05-23T10:44:16Z",
          "2026-05-23T10:44:26Z",
          "2026-05-23T10:44:42Z",
          "2026-05-23T10:44:54Z",
          "2026-05-23T10:45:04Z",
          "2026-05-23T10:45:14Z",
          "2026-05-23T10:45:22Z",
          "2026-05-23T10:45:32Z",
          "2026-05-23T10:45:42Z",
          "2026-05-23T10:45:52Z",
          "2026-05-23T10:46:02Z",
          "2026-05-23T10:46:16Z",
          "2026-05-23T10:46:30Z",
          "2026-05-23T10:46:42Z",
          "2026-05-23T10:49:20Z",
          "2026-05-23T10:50:48Z"
        ]
      },
      "geometry": {
        "type": "MultiPoint",
        "coordinates": [
          [
            120.6009502,
            31.3171519,
            17.0
          ],
          [
            120.6008706,
            31.317227,
            17.0
          ],
          [
            120.6008233,
            31.3173131,
            17.0
          ],
          [
            120.6008009,
            31.3174029,
            17.0
          ],
          [
            120.600782,
            31.3174951,
            17.0
          ],
          [
            120.6007686,
            31.3175974,
            18.0
          ],
          [
            120.6007853,
            31.3177045,
            20.0
          ],
          [
            120.6008255,
            31.3178068,
            22.0
          ],
          [
            120.6008717,
            31.3178975,
            22.0
          ],
          [
            120.6009152,
            31.3179901,
            23.0
          ],
          [
            120.6009671,
            31.3180752,
            23.0
          ],
          [
            120.6010181,
            31.3181637,
            23.0
          ],
          [
            120.6010596,
            31.3182595,
            23.0
          ],
          [
            120.6010944,
            31.3183485,
            21.0
          ],
          [
            120.6011349,
            31.3184396,
            19.0
          ],
          [
            120.6011601,
            31.318543,
            18.0
          ],
          [
            120.601169,
            31.3186502,
            18.0
          ],
          [
            120.6011572,
            31.3187556,
            17.0
          ],
          [
            120.6011435,
            31.3188651,
            18.0
          ],
          [
            120.6011318,
            31.3189725,
            18.0
          ],
          [
            120.6011118,
            31.3190774,
            17.0
          ],
          [
            120.6010738,
            31.3191762,
            16.0
          ],
          [
            120.6010364,
            31.319283,
            16.0
          ],
          [
            120.6010047,
            31.3193903,
            15.0
          ],
          [
            120.6009634,
            31.3194862,
            16.0
          ],
          [
            120.6009192,
            31.319574,
            16.0
          ],
          [
            120.6010054,
            31.3196027,
            15.0
          ],
          [
            120.6011264,
            31.3196289,
            15.0
          ],
          [
            120.6011836,
            31.3197109,
            15.0
          ],
          [
            120.6011867,
            31.3198199,
            14.0
          ],
          [
            120.601168,
            31.319935,
            13.0
          ],
          [
            120.601134,
            31.3200475,
            15.0
          ],
          [
            120.6011144,
            31.3201604,
            14.0
          ],
          [
            120.6010832,
            31.3202681,
            15.0
          ],
          [
            120.6010437,
            31.3203698,
            15.0
          ],
          [
            120.6010128,
            31.3204686,
            14.0
          ],
          [
            120.6009406,
            31.3205491,
            13.0
          ],
          [
            120.6009509,
            31.320641,
            13.0
          ],
          [
            120.6009575,
            31.3207469,
            13.0
          ],
          [
            120.6009612,
            31.3208432,
            14.0
          ],
          [
            120.6009761,
            31.3209348,
            15.0
          ],
          [
            120.6009542,
            31.3210315,
            19.0
          ],
          [
            120.6009324,
            31.3211374,
            20.0
          ],
          [
            120.6009082,
            31.3210798,
            21.0
          ],
          [
            120.600905,
            31.320969,
            19.0
          ],
          [
            120.6009164,
            31.320852,
            19.0
          ],
          [
            120.6009512,
            31.3207481,
            19.0
          ],
          [
            120.600966,
            31.3206397,
            20.0
          ],
          [
            120.6009393,
            31.3205473,
            22.0
          ],
          [
            120.600947,
            31.3204479,
            21.0
          ],
          [
            120.6010222,
            31.3203665,
            20.0
          ],
          [
            120.6010648,
            31.3202757,
            17.0
          ],
          [
            120.6011029,
            31.3201702,
            18.0
          ],
          [
            120.60111,
            31.3200603,
            20.0
          ],
          [
            120.601133,
            31.3199609,
            20.0
          ],
          [
            120.6011286,
            31.3198577,
            19.0
          ],
          [
            120.6011172,
            31.3197622,
            20.0
          ],
          [
            120.6011341,
            31.3196619,
            21.0
          ],
          [
            120.6010809,
            31.3195763,
            21.0
          ],
          [
            120.6009835,
            31.3195196,
            21.0
          ],
          [
            120.6008781,
            31.3194775,
            19.0
          ],
          [
            120.6008449,
            31.319455,
            18.0
          ],
          [
            120.6008991,
            31.3193925,
            17.0
          ],
          [
            120.6009738,
            31.3193024,
            17.0
          ],
          [
            120.6010234,
            31.3192031,
            18.0
          ],
          [
            120.6010868,
            31.3191088,
            17.0
          ],
          [
            120.6011356,
            31.3190208,
            19.0
          ],
          [
            120.6011521,
            31.3189153,
            21.0
          ],
          [
            120.601149,
            31.3188155,
            22.0
          ],
          [
            120.6011279,
            31.3187137,
            22.0
          ],
          [
            120.6011009,
            31.3186058,
            21.0
          ],
          [
            120.6010608,
            31.3184941,
            21.0
          ],
          [
            120.6010123,
            31.3183928,
            21.0
          ],
          [
            120.6010024,
            31.3182906,
            22.0
          ],
          [
            120.6009642,
            31.3181981,
            21.0
          ],
          [
            120.6008986,
            31.3181041,
            20.0
          ],
          [
            120.6008365,
            31.3180235,
            20.0
          ],
          [
            120.6007762,
            31.3179362,
            20.0
          ],
          [
            120.6007422,
            31.3178431,
            21.0
          ],
          [
            120.6007241,
            31.3177453,
            21.0
          ],
          [
            120.6007049,
            31.3176435,
            21.0
          ],
          [
            120.600729,
            31.3175364,
            21.0
          ],
          [
            120.600751,
            31.3174388,
            22.0
          ],
          [
            120.6007749,
            31.3173953,
            23.0
          ],
          [
            120.6008042,
            31.3173202,
            22.0
          ],
          [
            120.6008607,
            31.3172352,
            20.0
          ],
          [
            120.6009767,
            31.3172358,
            18.0
          ],
          [
            120.6010627,
            31.317301,
            17.0
          ],
          [
            120.6011858,
            31.3173342,
            18.0
          ],
          [
            120.601317,
            31.3173687,
            21.0
          ],
          [
            120.6014457,
            31.3173937,
            21.0
          ],
          [
            120.6014859,
            31.3174778,
            19.0
          ],
          [
            120.6014713,
            31.3175816,
            20.0
          ],
          [
            120.6014468,
            31.3176851,
            20.0
          ],
          [
            120.6014228,
            31.3177879,
            20.0
          ],
          [
            120.6014024,
            31.3178836,
            20.0
          ],
          [
            120.6014476,
            31.3179643,
            20.0
          ],
          [
            120.6014962,
            31.3180563,
            23.0
          ],
          [
            120.6015226,
            31.3180897,
            24.0
          ],
          [
            120.6015977,
            31.3180547,
            24.0
          ],
          [
            120.6016141,
            31.3179609,
            19.0
          ],
          [
            120.6015858,
            31.317857,
            14.0
          ],
          [
            120.6015535,
            31.3177569,
            11.0
          ],
          [
            120.6014917,
            31.317683,
            10.0
          ],
          [
            120.6013748,
            31.31764,
            11.0
          ],
          [
            120.6012925,
            31.3176949,
            14.0
          ],
          [
            120.601277,
            31.317799,
            18.0
          ],
          [
            120.6013243,
            31.317912,
            18.0
          ],
          [
            120.6013955,
            31.3180072,
            19.0
          ],
          [
            120.6014009,
            31.3179545,
            20.0
          ],
          [
            120.6013668,
            31.3178555,
            24.0
          ],
          [
            120.6014382,
            31.3177888,
            27.0
          ],
          [
            120.6014413,
            31.3177006,
            29.0
          ],
          [
            120.6014516,
            31.3175944,
            29.0
          ],
          [
            120.6014532,
            31.3174918,
            27.0
          ],
          [
            120.6014701,
            31.3174115,
            27.0
          ],
          [
            120.6015553,
            31.3173753,
            25.0
          ],
          [
            120.6016247,
            31.3173766,
            22.0
          ],
          [
            120.6015641,
            31.3173992,
            20.0
          ],
          [
            120.6016444,
            31.3174195,
            19.0
          ],
          [
            120.6017651,
            31.3174207,
            18.0
          ],
          [
            120.6018761,
            31.3174307,
            17.0
          ],
          [
            120.6019799,
            31.3174561,
            18.0
          ],
          [
            120.6021006,
            31.3174703,
            19.0
          ],
          [
            120.6022357,
            31.3174642,
            19.0
          ],
          [
            120.6023606,
            31.3174626,
            16.0
          ],
          [
            120.6024259,
            31.317523,
            15.0
          ],
          [
            120.6024305,
            31.3176167,
            16.0
          ],
          [
            120.6023949,
            31.3177227,
            18.0
          ],
          [
            120.6023413,
            31.3178073,
            20.0
          ],
          [
            120.6023268,
            31.3178975,
            20.0
          ],
          [
            120.6023097,
            31.3179696,
            19.0
          ],
          [
            120.6023086,
            31.3180631,
            20.0
          ],
          [
            120.6023071,
            31.318156,
            19.0
          ],
          [
            120.6022905,
            31.3182611,
            19.0
          ],
          [
            120.6022751,
            31.3183635,
            22.0
          ],
          [
            120.6022569,
            31.3184708,
            25.0
          ],
          [
            120.6022451,
            31.3185772,
            26.0
          ],
          [
            120.6022545,
            31.3186646,
            26.0
          ],
          [
            120.6021717,
            31.3186913,
            24.0
          ],
          [
            120.6020749,
            31.3186514,
            17.0
          ],
          [
            120.6020093,
            31.3185688,
            13.0
          ],
          [
            120.6019838,
            31.3184548,
            10.0
          ],
          [
            120.6020163,
            31.3183443,
            7.0
          ],
          [
            120.6020019,
            31.3182397,
            9.0
          ],
          [
            120.6019185,
            31.3181726,
            11.0
          ],
          [
            120.6018286,
            31.3180911,
            13.0
          ],
          [
            120.6017173,
            31.3180717,
            14.0
          ],
          [
            120.6016632,
            31.3181477,
            16.0
          ],
          [
            120.6016487,
            31.3182595,
            16.0
          ],
          [
            120.6016509,
            31.318387,
            18.0
          ],
          [
            120.6016635,
            31.3185059,
            22.0
          ],
          [
            120.6016617,
            31.3186148,
            24.0
          ],
          [
            120.6016589,
            31.3187162,
            25.0
          ],
          [
            120.6016468,
            31.3188097,
            23.0
          ],
          [
            120.6016339,
            31.3189023,
            22.0
          ],
          [
            120.6016548,
            31.3190042,
            20.0
          ],
          [
            120.6016745,
            31.3191104,
            19.0
          ],
          [
            120.6016669,
            31.3192084,
            18.0
          ],
          [
            120.6016538,
            31.3192995,
            18.0
          ],
          [
            120.6016378,
            31.3194026,
            19.0
          ],
          [
            120.6016222,
            31.3195026,
            21.0
          ],
          [
            120.6015932,
            31.3195966,
            21.0
          ],
          [
            120.6015661,
            31.31969,
            22.0
          ],
          [
            120.6015367,
            31.3197831,
            24.0
          ],
          [
            120.6015241,
            31.3198858,
            26.0
          ],
          [
            120.6015882,
            31.3199546,
            27.0
          ],
          [
            120.6015696,
            31.3200416,
            26.0
          ],
          [
            120.6015318,
            31.3201386,
            24.0
          ],
          [
            120.6014926,
            31.3202319,
            21.0
          ],
          [
            120.6014671,
            31.3203348,
            20.0
          ],
          [
            120.6014437,
            31.3204314,
            19.0
          ],
          [
            120.601419,
            31.3205216,
            18.0
          ],
          [
            120.6014886,
            31.3205755,
            18.0
          ],
          [
            120.6016004,
            31.3205918,
            18.0
          ],
          [
            120.6017291,
            31.3205844,
            17.0
          ],
          [
            120.6018557,
            31.3205766,
            17.0
          ],
          [
            120.6019821,
            31.3205729,
            17.0
          ],
          [
            120.6021058,
            31.3205953,
            18.0
          ],
          [
            120.6022298,
            31.3205907,
            19.0
          ],
          [
            120.6023448,
            31.3205847,
            17.0
          ],
          [
            120.6024516,
            31.3205957,
            16.0
          ],
          [
            120.6025621,
            31.3206076,
            16.0
          ],
          [
            120.6026732,
            31.3206336,
            16.0
          ],
          [
            120.6027927,
            31.3206553,
            16.0
          ],
          [
            120.6029024,
            31.3206868,
            15.0
          ],
          [
            120.6030159,
            31.3207109,
            14.0
          ],
          [
            120.6031259,
            31.3207256,
            14.0
          ],
          [
            120.6032447,
            31.3207453,
            14.0
          ],
          [
            120.6033642,
            31.3207509,
            14.0
          ],
          [
            120.6034608,
            31.3207884,
            14.0
          ],
          [
            120.6034987,
            31.3208279,
            15.0
          ],
          [
            120.6035033,
            31.3209152,
            16.0
          ],
          [
            120.6035863,
            31.320968,
            17.0
          ],
          [
            120.603704,
            31.3209866,
            16.0
          ],
          [
            120.6038298,
            31.3209804,
            14.0
          ],
          [
            120.603951,
            31.3209608,
            12.0
          ],
          [
            120.6040692,
            31.3209433,
            12.0
          ],
          [
            120.6041952,
            31.3209328,
            11.0
          ],
          [
            120.6043176,
            31.3209315,
            11.0
          ],
          [
            120.6044471,
            31.3209361,
            10.0
          ],
          [
            120.604573,
            31.3209589,
            11.0
          ],
          [
            120.6046915,
            31.3209802,
            12.0
          ],
          [
            120.6048001,
            31.3209834,
            12.0
          ],
          [
            120.6049043,
            31.3209757,
            13.0
          ],
          [
            120.6050155,
            31.320989,
            13.0
          ],
          [
            120.6051432,
            31.3209971,
            12.0
          ],
          [
            120.6052688,
            31.3210069,
            12.0
          ],
          [
            120.605388,
            31.3210204,
            12.0
          ],
          [
            120.605502,
            31.3210248,
            11.0
          ],
          [
            120.6056231,
            31.3210427,
            11.0
          ],
          [
            120.6057378,
            31.3210456,
            11.0
          ],
          [
            120.605778,
            31.3209741,
            13.0
          ],
          [
            120.6057437,
            31.3209316,
            17.0
          ],
          [
            120.6057763,
            31.3208534,
            19.0
          ],
          [
            120.6058316,
            31.3207562,
            21.0
          ],
          [
            120.6058682,
            31.3206458,
            22.0
          ],
          [
            120.6058716,
            31.3205442,
            24.0
          ],
          [
            120.6058514,
            31.3204406,
            25.0
          ],
          [
            120.6058646,
            31.3203467,
            26.0
          ],
          [
            120.6058983,
            31.3202425,
            26.0
          ],
          [
            120.6059258,
            31.3201405,
            27.0
          ],
          [
            120.6059542,
            31.320037,
            28.0
          ],
          [
            120.6059477,
            31.319961,
            29.0
          ],
          [
            120.6059643,
            31.3198741,
            29.0
          ],
          [
            120.6059769,
            31.3197673,
            29.0
          ],
          [
            120.606002,
            31.3196721,
            29.0
          ],
          [
            120.60602,
            31.3195765,
            30.0
          ],
          [
            120.6060337,
            31.3194824,
            29.0
          ],
          [
            120.6060408,
            31.3193711,
            28.0
          ],
          [
            120.6060736,
            31.3192661,
            28.0
          ],
          [
            120.6061065,
            31.3191735,
            28.0
          ],
          [
            120.6061091,
            31.3190738,
            29.0
          ],
          [
            120.6061096,
            31.3189775,
            29.0
          ],
          [
            120.6061287,
            31.3188709,
            29.0
          ],
          [
            120.606139,
            31.3187689,
            27.0
          ],
          [
            120.6061432,
            31.3186683,
            26.0
          ],
          [
            120.6061583,
            31.3185694,
            26.0
          ],
          [
            120.6061785,
            31.3184773,
            26.0
          ],
          [
            120.6062001,
            31.3183703,
            25.0
          ],
          [
            120.6062202,
            31.3182672,
            22.0
          ],
          [
            120.6061944,
            31.3182381,
            21.0
          ],
          [
            120.6062148,
            31.3181746,
            20.0
          ],
          [
            120.6062491,
            31.318087,
            19.0
          ],
          [
            120.6061837,
            31.3180399,
            19.0
          ],
          [
            120.6060767,
            31.3180181,
            19.0
          ],
          [
            120.605958,
            31.317993,
            18.0
          ],
          [
            120.6058388,
            31.31796,
            18.0
          ],
          [
            120.60572,
            31.317931,
            19.0
          ],
          [
            120.6056029,
            31.3179137,
            19.0
          ],
          [
            120.6054856,
            31.3178927,
            17.0
          ],
          [
            120.6053643,
            31.3178667,
            17.0
          ],
          [
            120.605245,
            31.3178687,
            17.0
          ],
          [
            120.6051314,
            31.3178571,
            16.0
          ],
          [
            120.6050177,
            31.317834,
            16.0
          ],
          [
            120.6048985,
            31.317829,
            18.0
          ],
          [
            120.6047777,
            31.3177999,
            19.0
          ],
          [
            120.6046543,
            31.317787,
            18.0
          ],
          [
            120.6045325,
            31.3177699,
            17.0
          ],
          [
            120.6044025,
            31.3177553,
            16.0
          ],
          [
            120.6042727,
            31.3177481,
            17.0
          ],
          [
            120.6041433,
            31.3177411,
            17.0
          ],
          [
            120.6040182,
            31.3177253,
            15.0
          ],
          [
            120.6038957,
            31.3177126,
            16.0
          ],
          [
            120.6037763,
            31.3176977,
            17.0
          ],
          [
            120.6036549,
            31.3176794,
            19.0
          ],
          [
            120.6035309,
            31.3176608,
            20.0
          ],
          [
            120.6034069,
            31.3176464,
            19.0
          ],
          [
            120.6032925,
            31.3176277,
            18.0
          ],
          [
            120.6031732,
            31.3176107,
            19.0
          ],
          [
            120.6030537,
            31.3175919,
            19.0
          ],
          [
            120.6029329,
            31.3175777,
            19.0
          ],
          [
            120.6028096,
            31.3175585,
            19.0
          ],
          [
            120.6026925,
            31.3175493,
            18.0
          ],
          [
            120.6025794,
            31.3175416,
            18.0
          ],
          [
            120.6024645,
            31.3175241,
            18.0
          ],
          [
            120.6023868,
            31.3175793,
            18.0
          ],
          [
            120.6023529,
            31.3176773,
            17.0
          ],
          [
            120.6023416,
            31.3177865,
            17.0
          ],
          [
            120.6023299,
            31.3178947,
            16.0
          ],
          [
            120.6023061,
            31.3180036,
            18.0
          ],
          [
            120.602309,
            31.3181075,
            19.0
          ],
          [
            120.6023091,
            31.3181508,
            20.0
          ],
          [
            120.6023897,
            31.3181976,
            21.0
          ],
          [
            120.6025111,
            31.3181941,
            20.0
          ],
          [
            120.6026328,
            31.318178,
            20.0
          ],
          [
            120.6027097,
            31.3181337,
            18.0
          ],
          [
            120.6027412,
            31.3180499,
            18.0
          ],
          [
            120.6027624,
            31.3180972,
            21.0
          ],
          [
            120.6028545,
            31.3181479,
            23.0
          ],
          [
            120.6029711,
            31.3181871,
            21.0
          ],
          [
            120.6031012,
            31.3182068,
            18.0
          ],
          [
            120.6032252,
            31.3182204,
            15.0
          ],
          [
            120.6033524,
            31.3182323,
            14.0
          ],
          [
            120.6034652,
            31.3182481,
            12.0
          ],
          [
            120.6035793,
            31.3182522,
            11.0
          ],
          [
            120.6036883,
            31.3182628,
            11.0
          ],
          [
            120.6038065,
            31.3182693,
            11.0
          ],
          [
            120.6039206,
            31.3182803,
            11.0
          ],
          [
            120.6040183,
            31.318259,
            12.0
          ],
          [
            120.6041297,
            31.3182709,
            13.0
          ],
          [
            120.604248,
            31.318299,
            14.0
          ],
          [
            120.6043743,
            31.3183283,
            14.0
          ],
          [
            120.6044573,
            31.3183564,
            13.0
          ],
          [
            120.6045569,
            31.3183807,
            14.0
          ],
          [
            120.604661,
            31.3183768,
            15.0
          ],
          [
            120.6047703,
            31.3183608,
            14.0
          ],
          [
            120.6048864,
            31.3183337,
            13.0
          ],
          [
            120.6050049,
            31.3183304,
            14.0
          ],
          [
            120.6051284,
            31.318336,
            14.0
          ],
          [
            120.6052451,
            31.3183153,
            15.0
          ],
          [
            120.605293,
            31.3183228,
            18.0
          ],
          [
            120.6053802,
            31.3183574,
            19.0
          ],
          [
            120.6054815,
            31.3183725,
            19.0
          ],
          [
            120.6055577,
            31.3183066,
            19.0
          ],
          [
            120.605662,
            31.3182833,
            21.0
          ],
          [
            120.60578,
            31.3182909,
            19.0
          ],
          [
            120.6058974,
            31.3183012,
            17.0
          ],
          [
            120.6060084,
            31.3183141,
            16.0
          ],
          [
            120.6061137,
            31.3183356,
            16.0
          ],
          [
            120.6061724,
            31.3184162,
            16.0
          ],
          [
            120.6060924,
            31.3184404,
            17.0
          ],
          [
            120.605971,
            31.3184328,
            17.0
          ],
          [
            120.6058209,
            31.3184105,
            17.0
          ],
          [
            120.6056806,
            31.3183909,
            18.0
          ],
          [
            120.6055477,
            31.3183732,
            17.0
          ],
          [
            120.6054638,
            31.3184351,
            17.0
          ],
          [
            120.6054456,
            31.3185334,
            19.0
          ],
          [
            120.6054336,
            31.3186512,
            20.0
          ],
          [
            120.605427,
            31.3187555,
            22.0
          ],
          [
            120.6054209,
            31.3188554,
            25.0
          ],
          [
            120.6054099,
            31.3189632,
            27.0
          ],
          [
            120.605374,
            31.3190681,
            28.0
          ],
          [
            120.6053336,
            31.3191645,
            30.0
          ],
          [
            120.6053216,
            31.3191975,
            28.0
          ],
          [
            120.6052995,
            31.3192669,
            26.0
          ],
          [
            120.6052912,
            31.319307,
            25.0
          ],
          [
            120.6052588,
            31.3193854,
            25.0
          ],
          [
            120.6051834,
            31.3194686,
            24.0
          ],
          [
            120.6051513,
            31.3195772,
            24.0
          ],
          [
            120.6051462,
            31.3196413,
            25.0
          ],
          [
            120.6051216,
            31.3197192,
            24.0
          ],
          [
            120.6051172,
            31.3198219,
            23.0
          ],
          [
            120.6050853,
            31.3199143,
            24.0
          ],
          [
            120.6050989,
            31.3199624,
            27.0
          ],
          [
            120.6050367,
            31.3200279,
            31.0
          ],
          [
            120.605024,
            31.3201356,
            29.0
          ],
          [
            120.6050303,
            31.3202484,
            27.0
          ],
          [
            120.6050069,
            31.3203487,
            26.0
          ],
          [
            120.6049766,
            31.3204501,
            26.0
          ],
          [
            120.6049379,
            31.3205418,
            24.0
          ],
          [
            120.6049069,
            31.3206357,
            22.0
          ],
          [
            120.60485,
            31.320725,
            21.0
          ],
          [
            120.604826,
            31.3208271,
            22.0
          ],
          [
            120.6048404,
            31.3209243,
            20.0
          ],
          [
            120.6047824,
            31.320904,
            18.0
          ],
          [
            120.604679,
            31.3208701,
            19.0
          ],
          [
            120.604557,
            31.3208476,
            19.0
          ],
          [
            120.6044386,
            31.3208164,
            19.0
          ],
          [
            120.6044917,
            31.3208076,
            18.0
          ],
          [
            120.604603,
            31.3208127,
            18.0
          ],
          [
            120.6047363,
            31.3208488,
            18.0
          ],
          [
            120.6048361,
            31.3208035,
            19.0
          ],
          [
            120.6048953,
            31.320708,
            18.0
          ],
          [
            120.6049351,
            31.3205944,
            19.0
          ],
          [
            120.6049958,
            31.3204981,
            20.0
          ],
          [
            120.605102,
            31.3204862,
            21.0
          ],
          [
            120.6052134,
            31.3204676,
            20.0
          ],
          [
            120.6053254,
            31.3204928,
            19.0
          ],
          [
            120.6054359,
            31.3204981,
            17.0
          ],
          [
            120.6054775,
            31.320414,
            17.0
          ],
          [
            120.6054886,
            31.3203059,
            17.0
          ],
          [
            120.6054489,
            31.320334,
            17.0
          ],
          [
            120.6054293,
            31.3204304,
            17.0
          ],
          [
            120.6054846,
            31.3205223,
            16.0
          ],
          [
            120.6056015,
            31.3205393,
            15.0
          ],
          [
            120.6057218,
            31.3205329,
            14.0
          ],
          [
            120.6058419,
            31.3205173,
            14.0
          ],
          [
            120.6057995,
            31.320534,
            14.0
          ],
          [
            120.6056821,
            31.3205254,
            14.0
          ],
          [
            120.6055451,
            31.3205168,
            15.0
          ],
          [
            120.6054191,
            31.3205206,
            15.0
          ],
          [
            120.6053055,
            31.32054,
            15.0
          ],
          [
            120.6051878,
            31.3205292,
            15.0
          ],
          [
            120.6050692,
            31.3205088,
            14.0
          ],
          [
            120.6049648,
            31.3204716,
            14.0
          ],
          [
            120.6048545,
            31.3204472,
            15.0
          ],
          [
            120.6048059,
            31.320439,
            15.0
          ],
          [
            120.6047132,
            31.3204138,
            14.0
          ],
          [
            120.6047805,
            31.3204213,
            14.0
          ],
          [
            120.6049163,
            31.3204571,
            14.0
          ],
          [
            120.6049435,
            31.3205397,
            13.0
          ],
          [
            120.6048824,
            31.3206074,
            15.0
          ],
          [
            120.6047814,
            31.3205903,
            16.0
          ],
          [
            120.6046637,
            31.3205762,
            15.0
          ],
          [
            120.6045336,
            31.3205561,
            14.0
          ],
          [
            120.6044099,
            31.320543,
            14.0
          ],
          [
            120.604288,
            31.3205358,
            13.0
          ],
          [
            120.6041647,
            31.3205354,
            14.0
          ],
          [
            120.6041192,
            31.3205378,
            13.0
          ],
          [
            120.6041613,
            31.3204769,
            10.0
          ],
          [
            120.6042536,
            31.3205253,
            11.0
          ],
          [
            120.6043802,
            31.3205276,
            10.0
          ],
          [
            120.6044823,
            31.3204799,
            11.0
          ],
          [
            120.6044934,
            31.320421,
            11.0
          ],
          [
            120.6044681,
            31.3203214,
            14.0
          ],
          [
            120.6043674,
            31.3202687,
            15.0
          ],
          [
            120.6043402,
            31.3201771,
            17.0
          ],
          [
            120.6043106,
            31.3200817,
            19.0
          ],
          [
            120.6043178,
            31.3200003,
            20.0
          ],
          [
            120.6044044,
            31.3199975,
            20.0
          ],
          [
            120.6045278,
            31.320009,
            18.0
          ],
          [
            120.6046583,
            31.3200201,
            18.0
          ],
          [
            120.6047859,
            31.3200063,
            17.0
          ],
          [
            120.6048425,
            31.319927,
            17.0
          ],
          [
            120.6048568,
            31.3199077,
            16.0
          ],
          [
            120.6049369,
            31.3198833,
            16.0
          ],
          [
            120.6050236,
            31.3199184,
            14.0
          ],
          [
            120.605094,
            31.3198738,
            12.0
          ],
          [
            120.6051251,
            31.3197837,
            13.0
          ],
          [
            120.6051514,
            31.3196687,
            14.0
          ],
          [
            120.605159,
            31.3195639,
            16.0
          ],
          [
            120.6051711,
            31.3194552,
            18.0
          ],
          [
            120.6051499,
            31.3193982,
            20.0
          ],
          [
            120.6050616,
            31.3193772,
            21.0
          ],
          [
            120.6049407,
            31.3193647,
            20.0
          ],
          [
            120.6048191,
            31.3193545,
            19.0
          ],
          [
            120.6046905,
            31.3193528,
            17.0
          ],
          [
            120.604644,
            31.3193593,
            16.0
          ],
          [
            120.6046567,
            31.3194308,
            15.0
          ],
          [
            120.6046566,
            31.3193876,
            16.0
          ],
          [
            120.6045767,
            31.3193826,
            16.0
          ],
          [
            120.6044736,
            31.3193621,
            16.0
          ],
          [
            120.6044281,
            31.3194279,
            17.0
          ],
          [
            120.604418,
            31.3195248,
            18.0
          ],
          [
            120.6044136,
            31.3196267,
            20.0
          ],
          [
            120.6045054,
            31.3196527,
            19.0
          ],
          [
            120.6045346,
            31.3196579,
            18.0
          ],
          [
            120.6044536,
            31.3196535,
            15.0
          ],
          [
            120.6043927,
            31.3197202,
            16.0
          ],
          [
            120.6043771,
            31.319827,
            16.0
          ],
          [
            120.6043628,
            31.3199285,
            17.0
          ],
          [
            120.6043489,
            31.3200264,
            16.0
          ],
          [
            120.6043406,
            31.3199813,
            16.0
          ],
          [
            120.6043547,
            31.3198815,
            19.0
          ],
          [
            120.6043563,
            31.3197518,
            21.0
          ],
          [
            120.6044003,
            31.3196414,
            22.0
          ],
          [
            120.6044521,
            31.3195432,
            22.0
          ],
          [
            120.6044678,
            31.3194414,
            21.0
          ],
          [
            120.6044891,
            31.3193349,
            22.0
          ],
          [
            120.6043958,
            31.3192967,
            23.0
          ],
          [
            120.6043302,
            31.3192849,
            20.0
          ],
          [
            120.6043928,
            31.3192916,
            18.0
          ],
          [
            120.6044356,
            31.319216,
            16.0
          ],
          [
            120.6044653,
            31.3191194,
            15.0
          ],
          [
            120.604563,
            31.3190876,
            15.0
          ],
          [
            120.6046739,
            31.3190716,
            14.0
          ],
          [
            120.6046672,
            31.3190103,
            14.0
          ],
          [
            120.6046942,
            31.3189099,
            16.0
          ],
          [
            120.6047435,
            31.3188043,
            17.0
          ],
          [
            120.6047886,
            31.3186968,
            19.0
          ],
          [
            120.6048241,
            31.3185943,
            20.0
          ],
          [
            120.6048293,
            31.3184913,
            21.0
          ],
          [
            120.6048423,
            31.318393,
            22.0
          ],
          [
            120.6047774,
            31.3183188,
            22.0
          ],
          [
            120.6046573,
            31.3183143,
            21.0
          ],
          [
            120.6045334,
            31.3183284,
            21.0
          ],
          [
            120.6044175,
            31.3183548,
            21.0
          ],
          [
            120.6043435,
            31.3184277,
            20.0
          ],
          [
            120.6043244,
            31.3185362,
            19.0
          ],
          [
            120.604297,
            31.3186455,
            18.0
          ],
          [
            120.6042492,
            31.3187393,
            19.0
          ],
          [
            120.6042389,
            31.3188481,
            20.0
          ],
          [
            120.6042333,
            31.3189545,
            22.0
          ],
          [
            120.6042757,
            31.3189971,
            21.0
          ],
          [
            120.6042085,
            31.3189902,
            21.0
          ],
          [
            120.6041097,
            31.3190252,
            19.0
          ],
          [
            120.604082,
            31.3191245,
            18.0
          ],
          [
            120.6040833,
            31.3192323,
            19.0
          ],
          [
            120.6040863,
            31.3193433,
            20.0
          ],
          [
            120.6040747,
            31.3194439,
            23.0
          ],
          [
            120.6040334,
            31.3195312,
            25.0
          ],
          [
            120.6039934,
            31.3196336,
            26.0
          ],
          [
            120.60395,
            31.3197303,
            26.0
          ],
          [
            120.6039283,
            31.3198258,
            25.0
          ],
          [
            120.6039159,
            31.319913,
            24.0
          ],
          [
            120.6039232,
            31.3200112,
            22.0
          ],
          [
            120.6039196,
            31.3201081,
            21.0
          ],
          [
            120.6039612,
            31.3201948,
            22.0
          ],
          [
            120.604058,
            31.3202241,
            20.0
          ],
          [
            120.6041123,
            31.3202181,
            17.0
          ],
          [
            120.6040462,
            31.3202254,
            16.0
          ],
          [
            120.6039443,
            31.3201939,
            14.0
          ],
          [
            120.6038109,
            31.3201625,
            13.0
          ],
          [
            120.6036875,
            31.3201373,
            14.0
          ],
          [
            120.6035799,
            31.3201691,
            14.0
          ],
          [
            120.6035111,
            31.3202755,
            19.0
          ],
          [
            120.6035006,
            31.3203984,
            15.0
          ],
          [
            120.6035369,
            31.3205242,
            15.0
          ],
          [
            120.603562,
            31.3206295,
            16.0
          ],
          [
            120.6035772,
            31.3206521,
            15.0
          ],
          [
            120.6035521,
            31.3207111,
            15.0
          ],
          [
            120.6035582,
            31.3206526,
            14.0
          ],
          [
            120.6035595,
            31.3205534,
            14.0
          ],
          [
            120.6035953,
            31.3204394,
            14.0
          ],
          [
            120.6035978,
            31.3203256,
            14.0
          ],
          [
            120.6035681,
            31.3202294,
            16.0
          ],
          [
            120.603464,
            31.3201963,
            16.0
          ],
          [
            120.6033499,
            31.3201748,
            16.0
          ],
          [
            120.6032273,
            31.3201775,
            15.0
          ],
          [
            120.6031666,
            31.3202636,
            14.0
          ],
          [
            120.6031459,
            31.3203751,
            14.0
          ],
          [
            120.6031403,
            31.3204887,
            16.0
          ],
          [
            120.6031177,
            31.3204573,
            17.0
          ],
          [
            120.6031039,
            31.3204136,
            18.0
          ],
          [
            120.6031496,
            31.3203175,
            19.0
          ],
          [
            120.603189,
            31.3202032,
            18.0
          ],
          [
            120.6031209,
            31.3201657,
            17.0
          ],
          [
            120.603025,
            31.3201515,
            15.0
          ],
          [
            120.6029742,
            31.3200666,
            14.0
          ],
          [
            120.6030493,
            31.3200177,
            14.0
          ],
          [
            120.6031634,
            31.3200241,
            16.0
          ],
          [
            120.6032908,
            31.3200466,
            17.0
          ],
          [
            120.6034163,
            31.320077,
            16.0
          ],
          [
            120.6035317,
            31.3201111,
            15.0
          ],
          [
            120.603591,
            31.3200551,
            15.0
          ],
          [
            120.6036298,
            31.3199584,
            18.0
          ],
          [
            120.6036455,
            31.3198826,
            20.0
          ],
          [
            120.6037045,
            31.3199043,
            20.0
          ],
          [
            120.6038129,
            31.3199244,
            19.0
          ],
          [
            120.6039324,
            31.3199498,
            17.0
          ],
          [
            120.6039673,
            31.3199604,
            16.0
          ],
          [
            120.6038878,
            31.3199556,
            15.0
          ],
          [
            120.6037613,
            31.3199613,
            14.0
          ],
          [
            120.6036421,
            31.3199291,
            14.0
          ],
          [
            120.6035332,
            31.3198664,
            14.0
          ],
          [
            120.6034243,
            31.3198485,
            16.0
          ],
          [
            120.6033026,
            31.3198362,
            16.0
          ],
          [
            120.6031802,
            31.31981,
            16.0
          ],
          [
            120.6030653,
            31.3197974,
            16.0
          ],
          [
            120.6030225,
            31.3198699,
            15.0
          ],
          [
            120.6030096,
            31.3199663,
            14.0
          ],
          [
            120.6030189,
            31.3199251,
            14.0
          ],
          [
            120.6030521,
            31.3198355,
            15.0
          ],
          [
            120.6031487,
            31.3198084,
            18.0
          ],
          [
            120.6032754,
            31.319816,
            17.0
          ],
          [
            120.6034111,
            31.3198304,
            15.0
          ],
          [
            120.603551,
            31.3198439,
            14.0
          ],
          [
            120.6036381,
            31.3197819,
            15.0
          ],
          [
            120.6036586,
            31.3196897,
            15.0
          ],
          [
            120.6036654,
            31.3195921,
            16.0
          ],
          [
            120.6036685,
            31.3194814,
            17.0
          ],
          [
            120.6036716,
            31.3193793,
            18.0
          ],
          [
            120.6036619,
            31.319332,
            19.0
          ],
          [
            120.6036441,
            31.3192545,
            20.0
          ],
          [
            120.6036897,
            31.3191947,
            22.0
          ],
          [
            120.6038074,
            31.3191984,
            20.0
          ],
          [
            120.6039409,
            31.3192214,
            18.0
          ],
          [
            120.6040675,
            31.3192516,
            17.0
          ],
          [
            120.6041042,
            31.3192667,
            16.0
          ],
          [
            120.6040943,
            31.3191997,
            15.0
          ],
          [
            120.6041122,
            31.3190993,
            17.0
          ],
          [
            120.6041222,
            31.3189869,
            18.0
          ],
          [
            120.604071,
            31.3189561,
            19.0
          ],
          [
            120.6039741,
            31.3189253,
            18.0
          ],
          [
            120.6039249,
            31.3189219,
            17.0
          ],
          [
            120.6038225,
            31.3189103,
            16.0
          ],
          [
            120.6037094,
            31.3188806,
            16.0
          ],
          [
            120.6036389,
            31.3188808,
            16.0
          ],
          [
            120.6035441,
            31.3188704,
            15.0
          ],
          [
            120.6035514,
            31.3187945,
            14.0
          ],
          [
            120.6035955,
            31.3187555,
            13.0
          ],
          [
            120.6035961,
            31.3188208,
            14.0
          ],
          [
            120.6036888,
            31.3188634,
            13.0
          ],
          [
            120.6038142,
            31.3189069,
            12.0
          ],
          [
            120.6039512,
            31.3189474,
            12.0
          ],
          [
            120.6040689,
            31.3189763,
            12.0
          ],
          [
            120.6041517,
            31.31905,
            12.0
          ],
          [
            120.60415,
            31.3191553,
            12.0
          ],
          [
            120.6041012,
            31.3192622,
            13.0
          ],
          [
            120.603989,
            31.3192674,
            14.0
          ],
          [
            120.6038676,
            31.3192538,
            14.0
          ],
          [
            120.6037292,
            31.3192313,
            15.0
          ],
          [
            120.6036154,
            31.3191877,
            15.0
          ],
          [
            120.603535,
            31.3191838,
            14.0
          ],
          [
            120.6034221,
            31.3191838,
            13.0
          ],
          [
            120.6033013,
            31.3191687,
            14.0
          ],
          [
            120.6031855,
            31.3191349,
            13.0
          ],
          [
            120.6030905,
            31.3191807,
            12.0
          ],
          [
            120.6030598,
            31.3192747,
            15.0
          ],
          [
            120.6030406,
            31.3193832,
            17.0
          ],
          [
            120.6030338,
            31.3194909,
            18.0
          ],
          [
            120.6030307,
            31.3196074,
            18.0
          ],
          [
            120.6030357,
            31.3197259,
            19.0
          ],
          [
            120.6030518,
            31.319824,
            19.0
          ],
          [
            120.6030378,
            31.3199239,
            17.0
          ],
          [
            120.6030134,
            31.3200253,
            17.0
          ],
          [
            120.6029829,
            31.3201311,
            17.0
          ],
          [
            120.6029985,
            31.3201798,
            17.0
          ],
          [
            120.6030085,
            31.3201122,
            17.0
          ],
          [
            120.6030413,
            31.3200007,
            19.0
          ],
          [
            120.6030777,
            31.3198878,
            22.0
          ],
          [
            120.6030893,
            31.3197693,
            24.0
          ],
          [
            120.603075,
            31.319657,
            24.0
          ],
          [
            120.6030695,
            31.3195469,
            23.0
          ],
          [
            120.6030703,
            31.3194403,
            22.0
          ],
          [
            120.6030764,
            31.3193353,
            23.0
          ],
          [
            120.603087,
            31.3192238,
            23.0
          ],
          [
            120.6031195,
            31.3191214,
            21.0
          ],
          [
            120.6031489,
            31.3190131,
            22.0
          ],
          [
            120.6031564,
            31.3189126,
            23.0
          ],
          [
            120.6031793,
            31.3188061,
            24.0
          ],
          [
            120.6031994,
            31.3187085,
            25.0
          ],
          [
            120.6031956,
            31.3186173,
            25.0
          ],
          [
            120.6032057,
            31.3185226,
            23.0
          ],
          [
            120.6031975,
            31.3184268,
            22.0
          ],
          [
            120.6032038,
            31.318314,
            23.0
          ],
          [
            120.6032035,
            31.3182099,
            23.0
          ],
          [
            120.6031928,
            31.3181089,
            21.0
          ],
          [
            120.6032234,
            31.3180377,
            22.0
          ],
          [
            120.6032029,
            31.3181518,
            21.0
          ],
          [
            120.6031357,
            31.3182241,
            21.0
          ],
          [
            120.6030317,
            31.318219,
            20.0
          ],
          [
            120.6029189,
            31.3181958,
            17.0
          ],
          [
            120.6028126,
            31.318215,
            15.0
          ],
          [
            120.6027964,
            31.3182993,
            15.0
          ],
          [
            120.6028033,
            31.3184075,
            17.0
          ],
          [
            120.6028071,
            31.3185111,
            19.0
          ],
          [
            120.6028035,
            31.3186109,
            18.0
          ],
          [
            120.6028151,
            31.3185632,
            20.0
          ],
          [
            120.6027354,
            31.3185033,
            21.0
          ],
          [
            120.6026143,
            31.3184628,
            20.0
          ],
          [
            120.6025144,
            31.3184949,
            18.0
          ],
          [
            120.602472,
            31.318583,
            18.0
          ],
          [
            120.6023778,
            31.3186363,
            19.0
          ],
          [
            120.6022708,
            31.3186755,
            19.0
          ],
          [
            120.6022219,
            31.3187624,
            18.0
          ],
          [
            120.6022459,
            31.3188527,
            16.0
          ],
          [
            120.6021868,
            31.318922,
            16.0
          ],
          [
            120.6021131,
            31.3189908,
            14.0
          ],
          [
            120.6020366,
            31.3190679,
            13.0
          ],
          [
            120.6020054,
            31.3191603,
            13.0
          ],
          [
            120.6019824,
            31.3192027,
            13.0
          ],
          [
            120.6019868,
            31.3192868,
            13.0
          ],
          [
            120.6019936,
            31.3193837,
            13.0
          ],
          [
            120.6019973,
            31.3194809,
            13.0
          ],
          [
            120.6019615,
            31.3195876,
            15.0
          ],
          [
            120.6019215,
            31.319687,
            16.0
          ],
          [
            120.6018364,
            31.319742,
            16.0
          ],
          [
            120.6018025,
            31.3198201,
            15.0
          ],
          [
            120.6018075,
            31.319922,
            16.0
          ],
          [
            120.6018024,
            31.319931,
            15.0
          ],
          [
            120.6017933,
            31.3199985,
            16.0
          ],
          [
            120.601829,
            31.3200552,
            16.0
          ],
          [
            120.6018537,
            31.3201398,
            15.0
          ],
          [
            120.6019532,
            31.3201596,
            14.0
          ],
          [
            120.6020678,
            31.3201852,
            14.0
          ],
          [
            120.6022051,
            31.3202169,
            14.0
          ],
          [
            120.6023259,
            31.3202125,
            14.0
          ],
          [
            120.6024243,
            31.3201635,
            12.0
          ],
          [
            120.6024819,
            31.3200635,
            12.0
          ],
          [
            120.6024524,
            31.3199842,
            14.0
          ],
          [
            120.6025043,
            31.3199916,
            13.0
          ],
          [
            120.6025479,
            31.3200692,
            13.0
          ],
          [
            120.602598,
            31.3201778,
            15.0
          ],
          [
            120.6026314,
            31.3202902,
            14.0
          ],
          [
            120.6026953,
            31.3203606,
            14.0
          ],
          [
            120.6026255,
            31.3203419,
            16.0
          ],
          [
            120.6025822,
            31.3202514,
            19.0
          ],
          [
            120.6025113,
            31.3201522,
            19.0
          ],
          [
            120.6024565,
            31.320056,
            18.0
          ],
          [
            120.6023751,
            31.319974,
            17.0
          ],
          [
            120.6022615,
            31.3199241,
            17.0
          ],
          [
            120.6022257,
            31.3198895,
            17.0
          ],
          [
            120.6022294,
            31.3198118,
            17.0
          ],
          [
            120.6021789,
            31.3197421,
            18.0
          ],
          [
            120.6020669,
            31.3197196,
            20.0
          ],
          [
            120.6019839,
            31.3196553,
            19.0
          ],
          [
            120.6020533,
            31.3196322,
            21.0
          ],
          [
            120.6021687,
            31.3196359,
            19.0
          ],
          [
            120.6022808,
            31.31968,
            20.0
          ],
          [
            120.602361,
            31.3196348,
            20.0
          ],
          [
            120.6023443,
            31.3195562,
            19.0
          ],
          [
            120.6022522,
            31.3195071,
            17.0
          ],
          [
            120.6023095,
            31.3194491,
            16.0
          ],
          [
            120.602349,
            31.319355,
            15.0
          ],
          [
            120.60235,
            31.3192463,
            15.0
          ],
          [
            120.6023455,
            31.3191355,
            14.0
          ],
          [
            120.6022565,
            31.3190677,
            14.0
          ],
          [
            120.6021441,
            31.3190246,
            14.0
          ],
          [
            120.6021675,
            31.3189672,
            13.0
          ],
          [
            120.6020894,
            31.3189781,
            14.0
          ],
          [
            120.6020351,
            31.3190648,
            12.0
          ],
          [
            120.6020553,
            31.3191609,
            12.0
          ],
          [
            120.6021693,
            31.3191994,
            12.0
          ],
          [
            120.6021116,
            31.3191998,
            12.0
          ],
          [
            120.6020502,
            31.3191286,
            13.0
          ],
          [
            120.6020436,
            31.3190329,
            13.0
          ],
          [
            120.6020955,
            31.3189362,
            12.0
          ],
          [
            120.6022077,
            31.3188882,
            14.0
          ],
          [
            120.6023024,
            31.3188105,
            15.0
          ],
          [
            120.6024175,
            31.3187884,
            15.0
          ],
          [
            120.6025277,
            31.3188037,
            15.0
          ],
          [
            120.6026427,
            31.3188321,
            14.0
          ],
          [
            120.602707,
            31.3189113,
            13.0
          ],
          [
            120.6027989,
            31.3189468,
            12.0
          ],
          [
            120.6029112,
            31.3189768,
            14.0
          ],
          [
            120.6028532,
            31.3189624,
            14.0
          ],
          [
            120.6027237,
            31.3189395,
            14.0
          ],
          [
            120.6025894,
            31.3188842,
            16.0
          ],
          [
            120.602456,
            31.3188596,
            16.0
          ],
          [
            120.6023315,
            31.3188352,
            16.0
          ],
          [
            120.6022368,
            31.3187781,
            16.0
          ],
          [
            120.6021937,
            31.318689,
            15.0
          ],
          [
            120.6021823,
            31.318594,
            16.0
          ],
          [
            120.6022008,
            31.3184905,
            18.0
          ],
          [
            120.6022101,
            31.3184066,
            18.0
          ],
          [
            120.6022144,
            31.3183023,
            19.0
          ],
          [
            120.6022299,
            31.3181905,
            20.0
          ],
          [
            120.6022696,
            31.3181146,
            21.0
          ],
          [
            120.6023657,
            31.3180774,
            22.0
          ],
          [
            120.6024836,
            31.318076,
            20.0
          ],
          [
            120.6026107,
            31.3180988,
            16.0
          ],
          [
            120.6027353,
            31.3181307,
            14.0
          ],
          [
            120.6028517,
            31.3181521,
            14.0
          ],
          [
            120.6029667,
            31.3181716,
            13.0
          ],
          [
            120.6030805,
            31.3181913,
            12.0
          ],
          [
            120.6031894,
            31.318231,
            10.0
          ],
          [
            120.6031789,
            31.3182804,
            11.0
          ],
          [
            120.603143,
            31.3182217,
            12.0
          ],
          [
            120.6031925,
            31.3181599,
            12.0
          ],
          [
            120.6031687,
            31.3181473,
            13.0
          ],
          [
            120.6032407,
            31.3182343,
            13.0
          ],
          [
            120.603216,
            31.318205,
            13.0
          ],
          [
            120.6033011,
            31.3182353,
            12.0
          ],
          [
            120.6033827,
            31.3182457,
            12.0
          ],
          [
            120.6034897,
            31.3182383,
            11.0
          ],
          [
            120.6036011,
            31.3182427,
            11.0
          ],
          [
            120.6037139,
            31.3182517,
            9.0
          ],
          [
            120.6038309,
            31.3182616,
            8.0
          ],
          [
            120.6039459,
            31.318265,
            8.0
          ],
          [
            120.6040573,
            31.3182784,
            9.0
          ],
          [
            120.604169,
            31.3182891,
            9.0
          ],
          [
            120.6042803,
            31.3183141,
            9.0
          ],
          [
            120.6043992,
            31.3183501,
            9.0
          ],
          [
            120.6044787,
            31.3183671,
            10.0
          ],
          [
            120.6045739,
            31.3183714,
            13.0
          ],
          [
            120.6046904,
            31.3183622,
            13.0
          ],
          [
            120.6048045,
            31.3183598,
            12.0
          ],
          [
            120.6048045,
            31.3183598,
            12.0
          ]
        ]
      }
    }
  ]
}